Date,Open,High,Low,Close,Volume,Dividends,Stock Splits,Daily_Return,Volatility
2022-01-28 00:00:00-03:00,178.0,186.75,172.0500030517578,176.5500030517578,381918,0.0,0.0,,
2022-01-31 00:00:00-03:00,175.89999389648438,181.0,168.0,179.25,668666,0.0,0.0,0.0152931005469914,
2022-02-01 00:00:00-03:00,178.35000610351562,183.0,172.0,182.14999389648438,338582,0.0,0.0,0.01617848756755569,
2022-02-02 00:00:00-03:00,183.1999969482422,184.4499969482422,177.0,177.35000610351562,189148,0.0,0.0,-0.026351841634958184,
2022-02-03 00:00:00-03:00,179.9499969482422,179.9499969482422,171.0,172.9499969482422,285287,0.0,0.0,-0.024809749105422885,
2022-02-04 00:00:00-03:00,173.1999969482422,174.9499969482422,167.75,168.75,154589,0.0,0.0,-0.024284458065061965,
2022-02-07 00:00:00-03:00,170.5,174.4499969482422,167.3000030517578,169.25,254767,0.0,0.0,0.002962962962963056,
2022-02-08 00:00:00-03:00,170.9499969482422,170.9499969482422,164.0500030517578,165.35000610351562,146286,0.0,0.0,-0.0230427999792282,
2022-02-09 00:00:00-03:00,167.0,167.4499969482422,163.5,163.9499969482422,99260,0.0,0.0,-0.008466943475024635,
2022-02-10 00:00:00-03:00,165.0,168.25,163.5,166.5500030517578,120668,0.0,0.0,0.015858530966221585,
2022-02-11 00:00:00-03:00,167.0,182.5,165.0500030517578,175.10000610351562,672176,0.0,0.0,0.051335952537333585,
2022-02-14 00:00:00-03:00,176.1999969482422,181.4499969482422,168.5,172.6999969482422,334386,0.0,0.0,-0.01370650526336703,
2022-02-15 00:00:00-03:00,176.0,176.0,168.39999389648438,169.3000030517578,439378,0.0,0.0,-0.019687284056544296,
2022-02-16 00:00:00-03:00,167.5,172.8000030517578,167.5,172.4499969482422,204346,0.0,0.0,0.01860598842116601,
2022-02-17 00:00:00-03:00,174.5,176.0,172.0,173.64999389648438,244389,0.0,0.0,0.0069585211335339014,
2022-02-18 00:00:00-03:00,176.5,176.5,167.0,169.10000610351562,208481,0.0,0.0,-0.026202061346924488,
2022-02-21 00:00:00-03:00,170.0,173.0,167.64999389648438,171.0,97453,0.0,0.0,0.011235918556509628,
2022-02-22 00:00:00-03:00,170.60000610351562,172.89999389648438,169.25,170.5,240669,0.0,0.0,-0.0029239766081871066,
2022-02-23 00:00:00-03:00,171.0,175.0,165.3000030517578,173.35000610351562,758319,0.0,0.0,0.016715578319739688,
2022-02-24 00:00:00-03:00,168.0,169.5,163.0,169.0,501082,0.0,0.0,-0.02509377531211643,
2022-02-25 00:00:00-03:00,170.0,172.8000030517578,170.0,171.64999389648438,668537,0.0,0.0,0.01568043725730406,0.34186614945731364
2022-03-02 00:00:00-03:00,180.1999969482422,196.0,180.1999969482422,189.8000030517578,1347729,0.0,0.0,0.10573847830265004,0.5093960359220439
2022-03-03 00:00:00-03:00,192.0,195.8000030517578,185.64999389648438,194.60000610351562,818454,0.0,0.0,0.025289794386614828,0.5134534439217457
2022-03-04 00:00:00-03:00,195.0,198.60000610351562,186.3000030517578,191.5500030517578,320824,0.0,0.0,-0.015673190935746373,0.5064908140616572
2022-03-07 00:00:00-03:00,194.0,197.8000030517578,188.0,191.0,382885,0.0,0.0,-0.002871328859280653,0.4956235136850403
2022-03-08 00:00:00-03:00,192.0,196.10000610351562,181.3000030517578,183.4499969482422,505199,0.0,0.0,-0.039528811789307894,0.5104734808639709
2022-03-09 00:00:00-03:00,184.3000030517578,187.0,178.5500030517578,179.14999389648438,339600,0.0,0.0,-0.02343964635208473,0.5201486729400964
2022-03-10 00:00:00-03:00,179.9499969482422,187.8000030517578,177.4499969482422,187.0,379367,0.0,0.0,0.043818065146301155,0.5292363202126499
2022-03-11 00:00:00-03:00,192.0,192.0,175.0,177.14999389648438,819719,0.0,0.0,-0.05267382943056487,0.56787250472647
2022-03-14 00:00:00-03:00,174.0,175.0,162.5,163.35000610351562,974933,0.0,0.0,-0.07790001845008598,0.6363348882704982
2022-03-15 00:00:00-03:00,162.89999389648438,163.0,159.0,159.75,768544,0.0,0.0,-0.02203860403429847,0.6102619445904656
2022-03-16 00:00:00-03:00,162.0500030517578,167.64999389648438,159.39999389648438,163.39999389648438,717074,0.0,0.0,0.02284816210631857,0.616224474335796
2022-03-17 00:00:00-03:00,167.25,169.8000030517578,164.0,168.9499969482422,739310,0.0,0.0,0.03396574821951215,0.6252295208783478
2022-03-18 00:00:00-03:00,170.85000610351562,170.85000610351562,167.1999969482422,168.35000610351562,347925,0.0,0.0,-0.003551292427133701,0.621715251522813
2022-03-21 00:00:00-03:00,168.14999389648438,175.0,168.14999389648438,173.75,607258,0.0,0.0,0.032075994658200324,0.6320100129754127
2022-03-22 00:00:00-03:00,176.75,178.9499969482422,175.5,177.5,615134,0.0,0.0,0.021582733812949728,0.627705526722682
2022-03-23 00:00:00-03:00,179.25,182.6999969482422,178.64999389648438,179.39999389648438,797769,0.0,0.0,0.010704190966109195,0.6276176555235347
2022-03-25 00:00:00-03:00,182.1999969482422,185.0,180.0,182.60000610351562,401910,0.0,0.0,0.017837303879049582,0.6292832649129759
2022-03-28 00:00:00-03:00,182.75,184.89999389648438,178.8000030517578,180.1999969482422,135272,0.0,0.0,-0.013143532722079354,0.6303156494512726
2022-03-29 00:00:00-03:00,180.5,180.5,172.4499969482422,172.9499969482422,276915,0.0,0.0,-0.040233075043183186,0.6413578748083698
2022-03-30 00:00:00-03:00,172.9499969482422,177.10000610351562,172.75,176.8000030517578,180380,0.0,0.0,0.02226080469181957,0.6436510538193193
2022-03-31 00:00:00-03:00,177.0500030517578,181.9499969482422,177.0500030517578,181.0500030517578,334697,0.0,0.0,0.024038461123531807,0.5235622348474396
2022-04-01 00:00:00-03:00,183.9499969482422,186.5500030517578,180.4499969482422,181.14999389648438,262871,0.0,0.0,0.0005522830325386252,0.5138394567402629
2022-04-04 00:00:00-03:00,185.0,188.0,181.0,181.85000610351562,761244,0.0,0.0,0.003864268454964792,0.5121602138949302
2022-04-05 00:00:00-03:00,183.3000030517578,187.0,180.25,180.5,704092,0.0,0.0,-0.007423734166646989,0.5125069465273903
2022-04-06 00:00:00-03:00,177.5,180.0,173.64999389648438,177.75,665364,0.0,0.0,-0.015235457063711877,0.49610596403378404
2022-04-07 00:00:00-03:00,181.1999969482422,181.1999969482422,174.8000030517578,178.35000610351562,332104,0.0,0.0,0.0033755617638009383,0.4891769452072206
2022-04-08 00:00:00-03:00,180.0,186.60000610351562,179.0,184.1999969482422,282976,0.0,0.0,0.0328006203786233,0.4775841569285387
2022-04-11 00:00:00-03:00,183.0,183.60000610351562,178.0,179.64999389648438,416000,0.0,0.0,-0.024701428486105237,0.4462004241474374
2022-04-12 00:00:00-03:00,182.89999389648438,182.89999389648438,179.5,182.0500030517578,343994,0.0,0.0,0.01335936118459502,0.33589976299345436
2022-04-13 00:00:00-03:00,183.9499969482422,184.75,180.0,184.5,246160,0.0,0.0,0.013457824263511053,0.3203688644184041
2022-04-18 00:00:00-03:00,187.60000610351562,190.75,181.0,181.5500030517578,542090,0.0,0.0,-0.015989143350906176,0.32519037888031105
2022-04-19 00:00:00-03:00,183.0500030517578,191.4499969482422,183.0500030517578,190.9499969482422,862104,0.0,0.0,0.05177633565670914,0.35100405568358334
2022-04-20 00:00:00-03:00,191.0,192.9499969482422,185.8000030517578,191.5,311991,0.0,0.0,0.0028803511942809834,0.34933127587523516
2022-04-21 00:00:00-03:00,191.0,192.9499969482422,185.0,186.6999969482422,588544,0.0,0.0,-0.02506529008750813,0.3531248776108902
2022-04-22 00:00:00-03:00,186.6999969482422,190.10000610351562,185.0,189.0500030517578,219659,0.0,0.0,0.012587070926236343,0.34854236623192925
2022-04-25 00:00:00-03:00,186.75,189.0,179.8000030517578,188.5,552558,0.0,0.0,-0.0029092993540298373,0.3481003846625094
2022-04-26 00:00:00-03:00,189.0,189.0,183.0,184.60000610351562,493411,0.0,0.0,-0.020689622793020557,0.35271935133878635
2022-04-27 00:00:00-03:00,185.5,188.0,183.35000610351562,187.8000030517578,407134,0.0,0.0,0.01733476079327856,0.35335545983454963
2022-04-28 00:00:00-03:00,188.0,188.0,183.14999389648438,184.10000610351562,291191,0.0,0.0,-0.01970179386643811,0.3271176620253519
2022-04-29 00:00:00-03:00,184.25,187.0,177.64999389648438,178.0500030517578,442736,0.0,0.0,-0.03286259017479887,0.34294185778887387
2022-05-02 00:00:00-03:00,174.0,175.14999389648438,172.25,174.64999389648438,433419,0.0,0.0,-0.019095810710461403,0.3379386963891578
2022-05-03 00:00:00-03:00,176.10000610351562,178.8000030517578,174.0,178.1999969482422,370680,0.0,0.0,0.020326385203665698,0.3467708992715304
2022-05-04 00:00:00-03:00,178.1999969482422,178.25,173.1999969482422,177.1999969482422,341816,0.0,0.0,-0.00561167237444149,0.3467858390986936
2022-05-05 00:00:00-03:00,175.6999969482422,175.6999969482422,167.5,170.3000030517578,831553,0.0,0.0,-0.03893901814512879,0.3716006533511174
2022-05-06 00:00:00-03:00,170.5,173.0,168.0,171.89999389648438,167817,0.0,0.0,0.009395131039664717,0.37081672483064265
2022-05-09 00:00:00-03:00,167.0,168.0,161.0,162.3000030517578,515425,0.0,0.0,-0.055846371062162614,0.41734006334161844
2022-05-10 00:00:00-03:00,164.10000610351562,170.0,161.89999389648438,169.0,308108,0.0,0.0,0.0412815577465242,0.4283015998135292
2022-05-11 00:00:00-03:00,170.5,175.89999389648438,170.5,175.75,286877,0.0,0.0,0.03994082840236679,0.4477846784619028
2022-05-12 00:00:00-03:00,170.0,178.9499969482422,170.0,173.4499969482422,282794,0.0,0.0,-0.013086788345705869,0.44659559145067806
2022-05-13 00:00:00-03:00,176.5,182.5,176.0,181.10000610351562,405010,0.0,0.0,0.04410498293382048,0.4731616014571413
2022-05-16 00:00:00-03:00,185.85000610351562,186.0,180.25,184.0500030517578,284936,0.0,0.0,0.016289325504251995,0.4730273371701815
2022-05-17 00:00:00-03:00,185.0,189.5,183.85000610351562,185.75,333567,0.0,0.0,0.009236603749276373,0.435175819898894
2022-05-19 00:00:00-03:00,185.64999389648438,185.64999389648438,180.0,180.85000610351562,262872,0.0,0.0,-0.026379509536928025,0.4440009639753663
2022-05-20 00:00:00-03:00,184.0,184.75,177.39999389648438,181.1999969482422,148836,0.0,0.0,0.0019352548129096814,0.4360616251616237
2022-05-23 00:00:00-03:00,182.8000030517578,187.14999389648438,182.8000030517578,185.75,222984,0.0,0.0,0.025110392540776294,0.44349084135287264
2022-05-24 00:00:00-03:00,189.25,195.0,187.5,194.85000610351562,383543,0.0,0.0,0.048990611593623834,0.47677887341997127
2022-05-26 00:00:00-03:00,202.0,208.25,195.0,206.85000610351562,932221,0.0,0.0,0.06158583332876533,0.5127399711681183
2022-05-27 00:00:00-03:00,206.85000610351562,208.0,201.0,201.85000610351562,342834,0.0,0.0,-0.024172104677134043,0.5218722198616453
2022-05-30 00:00:00-03:00,201.0,203.0,199.0,199.5500030517578,115084,0.0,0.0,-0.011394614724848151,0.5176578708801308
2022-05-31 00:00:00-03:00,199.75,205.0,197.0,200.85000610351562,341472,0.0,0.0,0.006514673174024654,0.4984356850836631
2022-06-01 00:00:00-03:00,201.0,202.0,193.89999389648438,195.60000610351562,128667,0.0,0.0,-0.02613890883973491,0.5038322067940514
2022-06-02 00:00:00-03:00,193.5,198.0,192.10000610351562,194.75,216904,0.0,0.0,-0.004345634340449767,0.5022384301644304
2022-06-03 00:00:00-03:00,194.5,198.60000610351562,193.0,196.64999389648438,157679,0.0,0.0,0.009756066220715676,0.5009236274664177
2022-06-06 00:00:00-03:00,199.0,199.6999969482422,191.10000610351562,193.5500030517578,541513,0.0,0.0,-0.015764001733752364,0.4798488694718596
2022-06-07 00:00:00-03:00,194.0,196.85000610351562,191.0500030517578,196.3000030517578,252520,0.0,0.0,0.01420821470751732,0.4804910890808505
2022-06-08 00:00:00-03:00,196.3000030517578,196.85000610351562,192.5,193.3000030517578,166214,0.0,0.0,-0.01528273027692717,0.4288153856994713
2022-06-09 00:00:00-03:00,193.64999389648438,200.0,190.14999389648438,194.6999969482422,209002,0.0,0.0,0.007242596349620989,0.41163285638261454
2022-06-10 00:00:00-03:00,195.1999969482422,196.5,185.3000030517578,192.8000030517578,422829,0.0,0.0,-0.009758571783591075,0.3970984687000637
2022-06-13 00:00:00-03:00,189.0,198.14999389648438,186.5500030517578,194.5500030517578,359905,0.0,0.0,0.009076763341804517,0.3915133479303146
2022-06-14 00:00:00-03:00,194.5500030517578,196.75,190.85000610351562,194.4499969482422,172005,0.0,0.0,-0.0005140380465017413,0.36512397444857486
2022-06-15 00:00:00-03:00,196.0,199.8000030517578,193.5500030517578,197.35000610351562,501470,0.0,0.0,0.014913906920992925,0.36453263319442786
2022-06-16 00:00:00-03:00,193.25,197.8000030517578,191.14999389648438,194.39999389648438,215259,0.0,0.0,-0.014948123211528497,0.36976778551100264
2022-06-21 00:00:00-03:00,192.5,196.25,188.85000610351562,193.0500030517578,328155,0.0,0.0,-0.00694439756744758,0.35578439870879525
2022-06-22 00:00:00-03:00,194.1999969482422,194.85000610351562,188.85000610351562,193.6999969482422,250076,0.0,0.0,0.0033669716975353037,0.35573698805010967
2022-06-23 00:00:00-03:00,193.6999969482422,195.0,184.0,187.5500030517578,245562,0.0,0.0,-0.03175009805564266,0.36715726809889004
2022-06-24 00:00:00-03:00,186.10000610351562,191.5,182.10000610351562,186.25,454431,0.0,0.0,-0.00693150109626528,0.32034545139176457
2022-06-27 00:00:00-03:00,194.0,210.0,193.14999389648438,209.60000610351562,735951,0.0,0.0,0.12536916028733214,0.5114424808561053
2022-06-28 00:00:00-03:00,208.5500030517578,214.9499969482422,206.8000030517578,209.5500030517578,472311,0.0,0.0,-0.00023856417128687024,0.5027230034688825
2022-06-29 00:00:00-03:00,213.0,213.4499969482422,203.0,207.1999969482422,211862,0.0,0.0,-0.011214536240952366,0.5026582394698302
2022-06-30 00:00:00-03:00,206.0,211.8000030517578,202.3000030517578,206.89999389648438,422008,0.0,0.0,-0.001447891197762674,0.502573857552817
2022-07-01 00:00:00-03:00,207.0,218.5,206.0,216.75,422025,0.0,0.0,0.047607570778584796,0.5159377387979849
2022-07-04 00:00:00-03:00,216.5500030517578,220.0,205.0,218.39999389648438,449458,0.0,0.0,0.007612428588163134,0.5146186351410109
2022-07-05 00:00:00-03:00,216.0500030517578,226.0,206.0,218.85000610351562,590023,0.0,0.0,0.002060495511023497,0.5146418977094028
2022-07-06 00:00:00-03:00,219.5,223.9499969482422,211.14999389648438,222.5,778631,0.0,0.0,0.016678061661821175,0.509442607372196
2022-07-07 00:00:00-03:00,224.0,247.3000030517578,224.0,245.60000610351562,745780,0.0,0.0,0.10382025215063195,0.6138126755933362
2022-07-08 00:00:00-03:00,241.3000030517578,256.5,239.85000610351562,255.6999969482422,512564,0.0,0.0,0.041123740202472225,0.6132937935040925
2022-07-11 00:00:00-03:00,256.95001220703125,256.95001220703125,241.60000610351562,248.6999969482422,439318,0.0,0.0,-0.027375831378742332,0.630974890653506
2022-07-12 00:00:00-03:00,249.0,251.5,242.0,245.9499969482422,578626,0.0,0.0,-0.011057499130457615,0.6316134947194637
2022-07-13 00:00:00-03:00,247.0,250.0,243.5500030517578,247.6999969482422,189403,0.0,0.0,0.007115267419044891,0.6318118013769931
2022-07-14 00:00:00-03:00,243.5,246.39999389648438,240.0,242.9499969482422,417392,0.0,0.0,-0.01917642332871139,0.6404657706732723
2022-07-15 00:00:00-03:00,242.0,253.85000610351562,240.0,253.0,408365,0.0,0.0,0.04136654940522133,0.6489279884397267
2022-07-18 00:00:00-03:00,255.25,259.6000061035156,255.0,256.1000061035156,252602,0.0,0.0,0.012252988551445076,0.6403770545587041
2022-07-19 00:00:00-03:00,257.6000061035156,264.79998779296875,257.6000061035156,261.5,328450,0.0,0.0,0.021085489136231095,0.6355742066311539
2022-07-20 00:00:00-03:00,262.0,264.6499938964844,255.0,256.8500061035156,431858,0.0,0.0,-0.017782003428238546,0.645511388617567
2022-07-21 00:00:00-03:00,255.60000610351562,271.79998779296875,252.5,270.54998779296875,522593,0.0,0.0,0.05333845187424968,0.6344212496450593
2022-07-22 00:00:00-03:00,272.0,272.0,261.1000061035156,268.25,600567,0.0,0.0,-0.008501156520948516,0.6353029492277154
2022-07-25 00:00:00-03:00,266.0,282.70001220703125,266.0,280.3500061035156,495621,0.0,0.0,0.045107198894746015,0.5085211732165471
2022-07-26 00:00:00-03:00,282.0,291.25,279.6000061035156,287.20001220703125,225994,0.0,0.0,0.02443376477397452,0.5061747498019507
2022-07-27 00:00:00-03:00,291.8500061035156,301.0,280.5,298.1499938964844,508435,0.0,0.0,0.038126675571168445,0.500806967841875
2022-07-28 00:00:00-03:00,300.0,311.0,287.79998779296875,298.75,830113,0.0,0.0,0.002012430373297125,0.4990973476609107
2022-07-29 00:00:00-03:00,298.70001220703125,301.0,277.1000061035156,277.75,880442,0.0,0.0,-0.07029288702928871,0.5785774109947714
2022-08-01 00:00:00-03:00,277.1000061035156,277.1000061035156,261.5,269.0,579197,0.0,0.0,-0.03150315031503148,0.5997677408574853
2022-08-02 00:00:00-03:00,273.0,275.0,264.0,265.6499938964844,576563,0.0,0.0,-0.012453554288162194,0.6048734588522964
2022-08-03 00:00:00-03:00,275.8999938964844,279.6000061035156,264.0,276.3999938964844,278253,0.0,0.0,0.04046678052697028,0.6139656854162601
2022-08-04 00:00:00-03:00,277.0,283.6000061035156,275.04998779296875,279.8500061035156,417356,0.0,0.0,0.012481954714960386,0.5085736082792849
2022-08-05 00:00:00-03:00,279.8500061035156,284.95001220703125,275.0,275.25,282505,0.0,0.0,-0.01643739861779414,0.4983474385169445
2022-08-08 00:00:00-03:00,285.75,285.8999938964844,276.79998779296875,284.5,322906,0.0,0.0,0.03360581289736597,0.49415888048400397
2022-08-09 00:00:00-03:00,282.1000061035156,285.29998779296875,278.1000061035156,280.70001220703125,174255,0.0,0.0,-0.013356723349626565,0.4953521064512172
2022-08-10 00:00:00-03:00,281.1000061035156,287.6499938964844,276.29998779296875,280.0,540195,0.0,0.0,-0.0024938089654051865,0.4965197171733077
2022-08-11 00:00:00-03:00,284.6000061035156,286.6000061035156,277.0,281.04998779296875,322513,0.0,0.0,0.0037499564034597643,0.4873090291008107
2022-08-12 00:00:00-03:00,273.6499938964844,282.79998779296875,269.0,280.45001220703125,545812,0.0,0.0,-0.002134764675312706,0.4717358516039941
2022-08-16 00:00:00-03:00,277.45001220703125,278.45001220703125,268.0,272.3999938964844,538222,0.0,0.0,-0.02870393282281003,0.48623740383915576
2022-08-17 00:00:00-03:00,272.0,278.0,271.0,277.3999938964844,362651,0.0,0.0,0.01835536017632977,0.4850256644606633
2022-08-18 00:00:00-03:00,278.0,297.8999938964844,278.0,297.25,761633,0.0,0.0,0.07155734152944127,0.5344312304107958
2022-08-19 00:00:00-03:00,291.79998779296875,295.0,282.6000061035156,292.8500061035156,452671,0.0,0.0,-0.01480233438682721,0.5117924954386988
2022-08-22 00:00:00-03:00,290.0,292.75,288.04998779296875,290.8999938964844,150441,0.0,0.0,-0.006658740537440755,0.511215064229285
2022-08-23 00:00:00-03:00,293.5,298.95001220703125,290.0,298.3999938964844,553045,0.0,0.0,0.025782056230186257,0.4952346536322423
2022-08-24 00:00:00-03:00,298.8999938964844,314.6000061035156,298.1499938964844,312.29998779296875,421408,0.0,0.0,0.04658174993564623,0.5135034564023974
2022-08-25 00:00:00-03:00,315.0,317.0,306.8500061035156,315.1000061035156,517675,0.0,0.0,0.008965797054091063,0.498537064879004
2022-08-26 00:00:00-03:00,313.0,317.79998779296875,302.04998779296875,309.54998779296875,452163,0.0,0.0,-0.01761351381479692,0.5040133825119983
2022-08-29 00:00:00-03:00,309.0,313.04998779296875,302.8500061035156,306.95001220703125,820244,0.0,0.0,-0.008399210752598751,0.42800503114586763
2022-08-30 00:00:00-03:00,300.6499938964844,301.04998779296875,294.1000061035156,297.6000061035156,420328,0.0,0.0,-0.0304610058044541,0.42682927209118116
2022-08-31 00:00:00-03:00,297.8999938964844,298.95001220703125,287.0,288.1000061035156,548647,0.0,0.0,-0.031922042356059555,0.4429218767472462
2022-09-01 00:00:00-03:00,284.95001220703125,291.1499938964844,280.0,284.0,313978,0.0,0.0,-0.014231190616644684,0.42613098511122544
2022-09-05 00:00:00-03:00,285.0,300.0,280.0,294.70001220703125,109292,0.0,0.0,0.03767609932053251,0.44361646305051555
2022-09-06 00:00:00-03:00,289.0,292.0,282.5,288.0,264000,0.0,0.0,-0.022735025210397275,0.44781078642258465
2022-09-07 00:00:00-03:00,288.0,297.95001220703125,285.45001220703125,295.54998779296875,503998,0.0,0.0,0.026215235392252678,0.44175973154762205
2022-09-08 00:00:00-03:00,292.0,298.95001220703125,290.0,295.3500061035156,262563,0.0,0.0,-0.0006766425231362616,0.4380889038009535
2022-09-09 00:00:00-03:00,299.95001220703125,301.75,293.04998779296875,300.6000061035156,410699,0.0,0.0,0.0177755202014791,0.4406779657508282
2022-09-12 00:00:00-03:00,304.29998779296875,312.0,296.0,300.5,470799,0.0,0.0,-0.0003326882950267507,0.4409365851381457
2022-09-13 00:00:00-03:00,300.5,303.20001220703125,289.5,291.95001220703125,393152,0.0,0.0,-0.028452538412541584,0.4552293797428947
2022-09-14 00:00:00-03:00,300.0,304.0,291.5,303.29998779296875,374308,0.0,0.0,0.038876434702420415,0.4571955267484913
2022-09-15 00:00:00-03:00,305.0,305.5,296.0,301.1499938964844,299117,0.0,0.0,-0.007088671226561205,0.4568304421816814
2022-09-16 00:00:00-03:00,297.6000061035156,305.29998779296875,292.25,304.1499938964844,224710,0.0,0.0,0.00996181325187484,0.3833249802428855
2022-09-19 00:00:00-03:00,308.04998779296875,316.8999938964844,296.1499938964844,316.70001220703125,713528,0.0,0.0,0.0412625959638131,0.40300494809577864
2022-09-20 00:00:00-03:00,317.8999938964844,317.8999938964844,302.0,307.3999938964844,349562,0.0,0.0,-0.029365386650087366,0.4188863367082531
2022-09-21 00:00:00-03:00,311.0,312.5,304.0,308.0,289168,0.0,0.0,0.0019518741555917263,0.41021625191915856
2022-09-22 00:00:00-03:00,305.6000061035156,314.6000061035156,303.0,311.75,304624,0.0,0.0,0.012175324675324672,0.37737625742404524
2022-09-23 00:00:00-03:00,302.25,302.25,291.20001220703125,294.8500061035156,778853,0.0,0.0,-0.054210084671962755,0.4218731706472894
2022-09-26 00:00:00-03:00,291.0,295.5,278.0,279.8500061035156,606681,0.0,0.0,-0.0508733243666063,0.452577233990013
2022-09-27 00:00:00-03:00,280.0,286.0,273.1000061035156,275.25,380059,0.0,0.0,-0.01643739861779414,0.45435807219371427
2022-09-28 00:00:00-03:00,276.54998779296875,287.04998779296875,275.54998779296875,285.20001220703125,547690,0.0,0.0,0.03614899984389197,0.4663017502107757
2022-09-29 00:00:00-03:00,281.45001220703125,289.0,277.0,284.8999938964844,563476,0.0,0.0,-0.0010519575655876245,0.4524469492756366
2022-09-30 00:00:00-03:00,288.6499938964844,288.6499938964844,281.0,283.45001220703125,392714,0.0,0.0,-0.005089440928454203,0.44983506058045575
2022-10-03 00:00:00-03:00,291.6000061035156,299.8500061035156,290.70001220703125,298.20001220703125,608315,0.0,0.0,0.052037394125164615,0.4681815127078346
2022-10-04 00:00:00-03:00,300.0,307.45001220703125,292.0,295.54998779296875,507869,0.0,0.0,-0.008886734760502502,0.4613997000692683
2022-10-05 00:00:00-03:00,295.45001220703125,303.5,288.0,300.04998779296875,435952,0.0,0.0,0.01522585073883409,0.45526265802107796
2022-10-06 00:00:00-03:00,301.5,303.0,296.6000061035156,300.0,384550,0.0,0.0,-0.0001665982169719582,0.455239151512946
2022-10-11 00:00:00-03:00,300.0,300.0,278.8500061035156,279.8500061035156,448399,0.0,0.0,-0.06716664632161462,0.5106320738695901
2022-10-12 00:00:00-03:00,284.1000061035156,284.6499938964844,273.20001220703125,274.3500061035156,501719,0.0,0.0,-0.019653385313722516,0.5138517188523531
2022-10-13 00:00:00-03:00,273.20001220703125,288.75,273.1499938964844,288.20001220703125,530470,0.0,0.0,0.05048298084706393,0.5398475937020152
2022-10-14 00:00:00-03:00,288.75,288.75,275.20001220703125,280.95001220703125,250086,0.0,0.0,-0.025156140502838986,0.5262181747501552
2022-10-17 00:00:00-03:00,289.8999938964844,289.8999938964844,282.0,284.1499938964844,361896,0.0,0.0,0.011389861364715204,0.5285341570070523
2022-10-18 00:00:00-03:00,284.1000061035156,285.0,277.0,282.79998779296875,204107,0.0,0.0,-0.00475103337150673,0.5265573295396385
2022-10-19 00:00:00-03:00,282.75,283.70001220703125,277.0,282.25,206759,0.0,0.0,-0.0019447942599325474,0.49993222082739064
2022-10-20 00:00:00-03:00,290.0,290.0,278.95001220703125,282.1499938964844,268708,0.0,0.0,-0.00035431746152569943,0.49192668564318326
2022-10-21 00:00:00-03:00,288.0,289.3999938964844,281.0,287.04998779296875,474088,0.0,0.0,0.01736662768910824,0.4973373787061707
2022-10-24 00:00:00-03:00,287.0,287.0,279.0,285.70001220703125,362911,0.0,0.0,-0.004702928560690767,0.4940841584048349
2022-10-25 00:00:00-03:00,285.6000061035156,301.95001220703125,285.0,301.1000061035156,561532,0.0,0.0,0.05390267146829819,0.4970734294864408
2022-10-26 00:00:00-03:00,301.6499938964844,304.5,295.29998779296875,300.95001220703125,577858,0.0,0.0,-0.0004981530835067582,0.4572202341907316
2022-10-27 00:00:00-03:00,302.0,316.0,301.0,310.6499938964844,807447,0.0,0.0,0.032231205502594396,0.4609399195098287
2022-10-28 00:00:00-03:00,310.79998779296875,315.0,302.5,312.04998779296875,403204,0.0,0.0,0.0045066599838752275,0.4474019027893532
2022-10-31 00:00:00-03:00,315.0,315.0,305.79998779296875,312.25,603568,0.0,0.0,0.0006409620729226351,0.4471441781122815
2022-11-01 00:00:00-03:00,312.54998779296875,323.3999938964844,310.5,318.75,596560,0.0,0.0,0.02081665332265814,0.4488661692144817
2022-11-02 00:00:00-03:00,316.70001220703125,320.0,307.04998779296875,308.3999938964844,357135,0.0,0.0,-0.03247060738357843,0.4345802018279727
2022-11-03 00:00:00-03:00,309.0,314.79998779296875,300.0,312.6499938964844,342037,0.0,0.0,0.01378080442318863,0.43446931937249805
2022-11-04 00:00:00-03:00,318.04998779296875,318.95001220703125,310.5,316.45001220703125,235565,0.0,0.0,0.012154224803231584,0.43347490807302896
2022-11-07 00:00:00-03:00,320.0,320.0,309.6000061035156,310.0,316242,0.0,0.0,-0.020382404671267507,0.44131494537156213
2022-11-08 00:00:00-03:00,312.0,320.0,307.5,318.79998779296875,310703,0.0,0.0,0.028387057396673354,0.3666921027037771
2022-11-09 00:00:00-03:00,318.0,320.8999938964844,307.0,307.0,283491,0.0,0.0,-0.03701376488330277,0.38786162252172746
2022-11-10 00:00:00-03:00,319.79998779296875,319.79998779296875,306.0,313.0,297259,0.0,0.0,0.019543973941368087,0.35485814292035
2022-11-11 00:00:00-03:00,312.6499938964844,322.0,308.0,321.95001220703125,441611,0.0,0.0,0.028594288201377882,0.3467352802573403
2022-11-14 00:00:00-03:00,319.95001220703125,336.8999938964844,318.5,336.0,771972,0.0,0.0,0.04364027724879804,0.3701820352029098
2022-11-15 00:00:00-03:00,333.0,350.0,332.5,345.0,867948,0.0,0.0,0.02678571428571419,0.37193665894722294
2022-11-16 00:00:00-03:00,351.0,357.0,338.0,341.5,510485,0.0,0.0,-0.010144927536231862,0.3766119499420039
2022-11-17 00:00:00-03:00,341.0,352.0,329.0,345.0,324319,0.0,0.0,0.01024890190336758,0.3746813094832319
2022-11-18 00:00:00-03:00,340.79998779296875,355.0,340.79998779296875,351.0,297793,0.0,0.0,0.017391304347825987,0.37468743190140963
2022-11-22 00:00:00-03:00,354.0,354.0,343.0,348.0,577981,0.0,0.0,-0.008547008547008517,0.376979969774236
2022-11-23 00:00:00-03:00,355.0,355.0,342.0,346.0,521271,0.0,0.0,-0.005747126436781658,0.3431639169264199
2022-11-24 00:00:00-03:00,348.0,357.0,341.5,347.0,156374,0.0,0.0,0.0028901734104045396,0.3423661653248376
2022-11-25 00:00:00-03:00,349.0,358.95001220703125,346.0,355.95001220703125,671507,0.0,0.0,0.02579254238337536,0.3368827643649904
2022-11-28 00:00:00-03:00,359.0,361.8999938964844,350.0,360.5,635979,0.0,0.0,0.01278265946602164,0.33733678499012987
2022-11-29 00:00:00-03:00,360.0,376.0,357.0,376.0,441744,0.0,0.0,0.04299583911234395,0.3588057140112075
2022-11-30 00:00:00-03:00,374.0,382.0,368.0,375.0,507054,0.0,0.0,-0.0026595744680850686,0.3587271559712337
2022-12-01 00:00:00-03:00,372.0,383.20001220703125,370.0,380.0,431358,0.0,0.0,0.01333333333333342,0.32474673042220037
2022-12-02 00:00:00-03:00,385.0,387.5,375.1000061035156,375.1000061035156,361435,0.0,0.0,-0.012894720780222024,0.335022774112326
2022-12-05 00:00:00-03:00,376.0,386.79998779296875,360.75,362.8500061035156,654353,0.0,0.0,-0.03265795734649868,0.36635814565938324
2022-12-06 00:00:00-03:00,362.0,367.0,358.5,366.79998779296875,873280,0.0,0.0,0.010885990417556224,0.3517506930822202
2022-12-07 00:00:00-03:00,372.0,385.0,372.0,377.0,921362,0.0,0.0,0.027808103998052447,0.35132624104871185
2022-12-12 00:00:00-03:00,375.0,379.5,351.5,352.5,831833,0.0,0.0,-0.06498673740053051,0.40886908452096127
2022-12-13 00:00:00-03:00,368.5,368.5,345.3500061035156,349.0,406133,0.0,0.0,-0.009929078014184411,0.41049925233077006
2022-12-14 00:00:00-03:00,349.0,357.95001220703125,333.0,341.5,772504,0.0,0.0,-0.021489971346704828,0.4120737240065903
2022-12-15 00:00:00-03:00,340.0,343.0,336.75,341.0,574899,0.0,0.0,-0.0014641288433382416,0.38359218768528025
2022-12-16 00:00:00-03:00,348.25,348.25,340.0,346.0,801409,0.0,0.0,0.014662756598240456,0.37511193079811744
2022-12-19 00:00:00-03:00,343.5,365.79998779296875,343.5,365.79998779296875,1056992,0.0,0.0,0.05722539824557438,0.42311758356061513
2022-12-20 00:00:00-03:00,370.0,385.3999938964844,367.5,382.75,157630,0.0,0.0,0.04633683098049857,0.44903068633126214
2022-12-21 00:00:00-03:00,382.0,389.0,378.04998779296875,385.0,912896,0.0,0.0,0.005878510777269863,0.4468707902615392
2022-12-22 00:00:00-03:00,385.95001220703125,398.1000061035156,372.0,397.0,708279,0.0,0.0,0.03116883116883118,0.45308359305951446
2022-12-23 00:00:00-03:00,399.0,404.0,390.0,400.25,725699,0.0,0.0,0.008186397984886629,0.4505783011965423
2022-12-26 00:00:00-03:00,404.0,415.0,402.0,413.0,255672,0.0,0.0,0.03185509056839475,0.45814999156683794
2022-12-27 00:00:00-03:00,414.3999938964844,425.0,407.0,418.5,815897,0.0,0.0,0.013317191283293006,0.4542600158986313
2022-12-28 00:00:00-03:00,417.0,436.8999938964844,417.0,427.0,708751,0.0,0.0,0.020310633213858953,0.4559801185706511
2022-12-29 00:00:00-03:00,430.0,440.0,425.29998779296875,429.95001220703125,572620,0.0,0.0,0.00690869369328162,0.4378155556105434
2022-12-30 00:00:00-03:00,426.0,440.0,410.0,438.25,142769,0.0,0.0,0.019304541359036254,0.4382701736310288
2023-01-02 00:00:00-03:00,445.0,462.75,440.0,457.0,330791,0.0,0.0,0.0427837992013691,0.45500407872157594
2023-01-03 00:00:00-03:00,447.0,454.5,428.04998779296875,433.0,1231597,0.0,0.0,-0.05251641137855578,0.5005148544602871
2023-01-04 00:00:00-03:00,435.0,441.0,425.0,438.0,565510,0.0,0.0,0.011547344110854452,0.4773228702638642
2023-01-05 00:00:00-03:00,438.0,451.1000061035156,436.0,451.0,764631,0.0,0.0,0.029680365296803624,0.48247746410049824
2023-01-06 00:00:00-03:00,449.0,467.5,443.0,458.95001220703125,1071779,0.0,0.0,0.017627521523350786,0.4790670802675826
2023-01-09 00:00:00-03:00,456.0,465.0,442.95001220703125,452.6499938964844,618142,0.0,0.0,-0.013727025041901375,0.40026872857713447
2023-01-10 00:00:00-03:00,459.95001220703125,459.95001220703125,445.54998779296875,452.75,547917,0.0,0.0,0.00022093472851891782,0.39417136382262796
2023-01-11 00:00:00-03:00,458.0,493.0,449.79998779296875,484.5,1104484,0.0,0.0,0.0701270016565434,0.4199544910405909
2023-01-12 00:00:00-03:00,480.0,500.0,462.5,487.0,1378201,0.0,0.0,0.005159958720330149,0.4165327368845962
2023-01-13 00:00:00-03:00,480.0,495.54998779296875,475.0,487.0,900284,0.0,0.0,0.0,0.4214549950295748
2023-01-16 00:00:00-03:00,487.8999938964844,504.20001220703125,483.0,503.0,581651,0.0,0.0,0.03285420944558526,0.39933903552082356
2023-01-17 00:00:00-03:00,505.0,515.75,498.0,508.79998779296875,650496,0.0,0.0,0.011530790840892147,0.38347238789075616
2023-01-18 00:00:00-03:00,508.0,525.0,470.0,471.0,996176,0.0,0.0,-0.0742924306207916,0.49659515131127724
2023-01-19 00:00:00-03:00,461.5,472.5,433.0,472.5,1377001,0.0,0.0,0.0031847133757962887,0.4911284338696031
2023-01-20 00:00:00-03:00,468.0,498.6000061035156,450.0,498.0,647261,0.0,0.0,0.053968253968254,0.5161217667940204
2023-01-23 00:00:00-03:00,490.0,511.0,490.0,497.29998779296875,657319,0.0,0.0,-0.0014056470020707978,0.5122059611045431
2023-01-24 00:00:00-03:00,503.5,512.0,487.6499938964844,502.0,707314,0.0,0.0,0.009451060370803566,0.5120405964861825
2023-01-25 00:00:00-03:00,507.5,519.0499877929688,487.0,519.0,626437,0.0,0.0,0.03386454183266929,0.5180137413581645
2023-01-26 00:00:00-03:00,517.0,524.0999755859375,509.3500061035156,517.0,666180,0.0,0.0,-0.003853564547206201,0.5203553521822905
2023-01-27 00:00:00-03:00,525.0,525.0,498.0,504.0,595637,0.0,0.0,-0.025145067698259194,0.5333186851740381
2023-01-30 00:00:00-03:00,507.0,515.0,477.0,480.5,603377,0.0,0.0,-0.04662698412698407,0.5491799735612584
2023-01-31 00:00:00-03:00,485.0,503.25,480.0,498.0,288084,0.0,0.0,0.036420395421435936,0.5197062283011281
2023-02-01 00:00:00-03:00,500.0,504.5,486.5,498.70001220703125,336399,0.0,0.0,0.0014056470020706868,0.5199130578245342
2023-02-02 00:00:00-03:00,496.0,510.0,487.0,491.5,346152,0.0,0.0,-0.014437561722060344,0.5179938463163991
2023-02-03 00:00:00-03:00,496.5,500.6499938964844,468.20001220703125,475.5,600180,0.0,0.0,-0.03255340793489314,0.5319707198106501
2023-02-06 00:00:00-03:00,473.0,485.0,460.0,478.3999938964844,429834,0.0,0.0,0.006098830486823026,0.5286897980408639
2023-02-07 00:00:00-03:00,480.1499938964844,494.0,478.0,480.70001220703125,577955,0.0,0.0,0.004807730643584751,0.5285863506822627
2023-02-08 00:00:00-03:00,495.45001220703125,495.45001220703125,475.0,492.5,641576,0.0,0.0,0.024547508827369446,0.474402666350851
2023-02-09 00:00:00-03:00,495.0,500.0,475.0,479.0,573551,0.0,0.0,-0.02741116751269035,0.48481529969522946
2023-02-10 00:00:00-03:00,483.0,491.95001220703125,479.6499938964844,484.95001220703125,148747,0.0,0.0,0.012421737384198828,0.4869446899142585
2023-02-13 00:00:00-03:00,495.0,506.70001220703125,482.5,503.5,437903,0.0,0.0,0.03825133998563457,0.49208860016588335
2023-02-14 00:00:00-03:00,508.3999938964844,514.7000122070312,498.1000061035156,502.8999938964844,504937,0.0,0.0,-0.0011916705134371597,0.4903792342277811
2023-02-15 00:00:00-03:00,501.1000061035156,506.1000061035156,490.0,505.5,648243,0.0,0.0,0.005170026118653803,0.4045957981573541
2023-02-16 00:00:00-03:00,508.0,515.0,499.04998779296875,505.25,352033,0.0,0.0,-0.0004945598417408492,0.4048865207164291
2023-02-17 00:00:00-03:00,504.0,504.0,484.0,493.0,366772,0.0,0.0,-0.024245423057892124,0.36965601391957154
2023-02-22 00:00:00-03:00,494.5,495.0,472.8999938964844,477.0,332978,0.0,0.0,-0.032454361054766734,0.38697169365488937
2023-02-23 00:00:00-03:00,478.5,491.75,478.5,486.0,453033,0.0,0.0,0.018867924528301883,0.39201348009465237
2023-02-24 00:00:00-03:00,485.0,494.0,475.0,485.0,184890,0.0,0.0,-0.002057613168724326,0.36932284042623986
2023-02-27 00:00:00-03:00,487.5,498.3999938964844,485.5,493.25,534442,0.0,0.0,0.017010309278350455,0.3761387924512721
2023-02-28 00:00:00-03:00,493.0,501.0,478.0,488.0,439323,0.0,0.0,-0.010643689812468327,0.36777433711648183
2023-03-01 00:00:00-03:00,490.0,494.8999938964844,479.1000061035156,494.0,274545,0.0,0.0,0.012295081967213184,0.3290053064531547
2023-03-02 00:00:00-03:00,496.0,499.0,483.1000061035156,483.1000061035156,371770,0.0,0.0,-0.022064764972640427,0.3119419601872751
2023-03-03 00:00:00-03:00,485.1000061035156,496.3999938964844,483.0,485.0,386623,0.0,0.0,0.00393292045638538,0.3123650454060828
2023-03-06 00:00:00-03:00,485.20001220703125,505.0,483.0,503.6499938964844,403589,0.0,0.0,0.038453595662854445,0.33802112520578703
2023-03-07 00:00:00-03:00,507.0,508.95001220703125,483.0,494.5,431771,0.0,0.0,-0.018167366241177763,0.32232733804012287
2023-03-08 00:00:00-03:00,497.5,503.95001220703125,490.0,496.1000061035156,195404,0.0,0.0,0.00323560384937438,0.32202293615525035
2023-03-09 00:00:00-03:00,500.0,506.0,496.25,497.0,257409,0.0,0.0,0.0018141380475946711,0.3218536520957131
2023-03-10 00:00:00-03:00,499.5,504.0,466.5,473.6499938964844,624371,0.0,0.0,-0.046981903628804056,0.3535762763453966
2023-03-13 00:00:00-03:00,469.5,481.0,451.0,456.6000061035156,581938,0.0,0.0,-0.0359970189225739,0.3630396682542012
2023-03-14 00:00:00-03:00,467.04998779296875,474.0,451.5,455.95001220703125,571440,0.0,0.0,-0.0014235520976690896,0.3589767009812254
2023-03-15 00:00:00-03:00,444.29998779296875,444.8999938964844,427.70001220703125,434.5,935249,0.0,0.0,-0.047044657600078144,0.3571749424678974
2023-03-16 00:00:00-03:00,435.0,460.0,430.0,459.75,626446,0.0,0.0,0.05811277330264675,0.42565466207579894
2023-03-17 00:00:00-03:00,457.1000061035156,465.8999938964844,446.6499938964844,461.6499938964844,189245,0.0,0.0,0.004132667529057832,0.42536975114089864
2023-03-20 00:00:00-03:00,458.0,465.0,451.5,455.75,321165,0.0,0.0,-0.012780231722059443,0.42619036305400004
2023-03-21 00:00:00-03:00,463.0,471.8999938964844,456.04998779296875,471.04998779296875,1032482,0.0,0.0,0.033571009968115684,0.44038002586029473
2023-03-22 00:00:00-03:00,471.8999938964844,471.8999938964844,450.0,452.20001220703125,464028,0.0,0.0,-0.04001693254309613,0.4480878474275794
2023-03-23 00:00:00-03:00,455.0,459.5,434.6000061035156,438.1000061035156,712593,0.0,0.0,-0.031180906065655267,0.45194909695096486
2023-03-27 00:00:00-03:00,446.0,484.79998779296875,446.0,482.6000061035156,626535,0.0,0.0,0.10157498146549981,0.5891432520836902
2023-03-28 00:00:00-03:00,484.0,512.0,477.5,509.3999938964844,714715,0.0,0.0,0.05553250612106342,0.6186837000621853
2023-03-29 00:00:00-03:00,510.6000061035156,525.0,510.0,517.7999877929688,421210,0.0,0.0,0.01648997643724215,0.6186412874350786
2023-03-30 00:00:00-03:00,520.0,529.0,509.0,524.2000122070312,370245,0.0,0.0,0.012360031991003773,0.6186533343655329
2023-03-31 00:00:00-03:00,525.5,540.0,523.25,532.9500122070312,573674,0.0,0.0,0.016692101862340714,0.6125301351094601
2023-04-03 00:00:00-03:00,535.0,563.0,535.0,561.2000122070312,493168,0.0,0.0,0.053006847458380246,0.6350959287112892
2023-04-04 00:00:00-03:00,557.8499755859375,562.0,540.0,544.9500122070312,381458,0.0,0.0,-0.0289558083509186,0.6373935341894598
2023-04-05 00:00:00-03:00,539.9000244140625,556.5499877929688,539.2000122070312,551.0499877929688,746934,0.0,0.0,0.01119364244296972,0.6319205499863559
2023-04-10 00:00:00-03:00,551.0,565.0,551.0,560.3499755859375,326156,0.0,0.0,0.016876849648824965,0.6329356908368917
2023-04-11 00:00:00-03:00,565.0,572.0,552.0,553.7999877929688,647431,0.0,0.0,-0.011689101594266504,0.636166976370238
2023-04-12 00:00:00-03:00,565.0,583.0,562.0499877929688,581.0499877929688,491939,0.0,0.0,0.04920549043093714,0.6210133067198721
2023-04-13 00:00:00-03:00,583.0,598.5,580.5,596.75,574963,0.0,0.0,0.027020071485872377,0.5976300526712987
2023-04-14 00:00:00-03:00,600.0,609.5999755859375,596.0,604.25,430650,0.0,0.0,0.012568077084206042,0.5948564869181979
2023-04-17 00:00:00-03:00,604.9000244140625,620.0,591.0,617.75,687092,0.0,0.0,0.022341745966073745,0.548293575108644
2023-04-18 00:00:00-03:00,620.0,637.0,614.5,625.7999877929688,878450,0.0,0.0,0.013031141712616323,0.5278510640551621
2023-04-19 00:00:00-03:00,624.5,624.5,603.0,608.9500122070312,1177310,0.0,0.0,-0.02692549682744949,0.548268145911726
2023-04-20 00:00:00-03:00,602.7999877929688,619.4500122070312,580.0,614.9000244140625,593008,0.0,0.0,0.00977093700263909,0.5391560526698592
2023-04-21 00:00:00-03:00,618.3499755859375,633.9000244140625,607.0999755859375,622.2999877929688,771017,0.0,0.0,0.012034417116762564,0.5350515784107986
2023-04-24 00:00:00-03:00,626.0,652.1500244140625,626.0,648.0499877929688,918043,0.0,0.0,0.04137875703858551,0.5019451781605554
2023-04-25 00:00:00-03:00,648.0,670.7999877929688,637.5,647.0,907830,0.0,0.0,-0.001620226545400727,0.47319285619217055
2023-04-26 00:00:00-03:00,639.7000122070312,650.6500244140625,617.0,649.75,886591,0.0,0.0,0.004250386398763517,0.3645601631927718
2023-04-27 00:00:00-03:00,655.0,655.0,624.0,627.9500122070312,547539,0.0,0.0,-0.033551347122691366,0.37101875885650243
2023-04-28 00:00:00-03:00,627.0,631.3499755859375,603.0,625.7000122070312,654508,0.0,0.0,-0.003583087755810399,0.3737488685538943
2023-05-02 00:00:00-03:00,625.5,626.0,594.7999877929688,624.7999877929688,327161,0.0,0.0,-0.001438427995051228,0.3756851276005917
2023-05-03 00:00:00-03:00,626.0,628.7000122070312,592.7999877929688,595.5999755859375,412280,0.0,0.0,-0.04673497563624607,0.4231103494023619
2023-05-04 00:00:00-03:00,595.2000122070312,596.0,581.7999877929688,588.3499755859375,446527,0.0,0.0,-0.012172599558735064,0.3887427234796371
2023-05-05 00:00:00-03:00,589.0999755859375,629.0,589.0999755859375,623.4500122070312,560105,0.0,0.0,0.05965843133780635,0.4192484196054171
2023-05-08 00:00:00-03:00,625.0,631.4500122070312,617.3499755859375,621.9500122070312,525933,0.0,0.0,-0.002405966750549826,0.4202569189625127
2023-05-09 00:00:00-03:00,622.0,643.8499755859375,622.0,626.3499755859375,496620,0.0,0.0,0.0070744646555962465,0.41845258322197143
2023-05-10 00:00:00-03:00,640.5999755859375,640.5999755859375,600.0,635.3499755859375,639173,0.0,0.0,0.0143689635999118,0.41411699192340956
2023-05-11 00:00:00-03:00,634.7000122070312,662.9500122070312,626.7000122070312,658.9500122070312,716563,0.0,0.0,0.03714493984095801,0.39986434115826847
2023-05-12 00:00:00-03:00,670.0,703.0,665.0,700.9500122070312,1283718,0.0,0.0,0.0637377634448002,0.4435733083493831
2023-05-15 00:00:00-03:00,695.5499877929688,697.2000122070312,663.5999755859375,695.8499755859375,947940,0.0,0.0,-0.007275892049756316,0.44670946432521563
2023-05-16 00:00:00-03:00,692.0,696.6500244140625,680.0,682.2000122070312,872748,0.0,0.0,-0.01961624467603429,0.45294767656798846
2023-05-17 00:00:00-03:00,682.2000122070312,700.0,678.0,692.1500244140625,659735,0.0,0.0,0.014585183273218227,0.4533303512728991
2023-05-18 00:00:00-03:00,693.9000244140625,702.25,672.0999755859375,700.1500244140625,887714,0.0,0.0,0.011558187846301582,0.4371903195351053
2023-05-19 00:00:00-03:00,710.0,728.2000122070312,700.6500244140625,717.2000122070312,1075998,0.0,0.0,0.02435190630356332,0.4413019349073898
2023-05-22 00:00:00-03:00,720.0,721.0499877929688,693.5499877929688,709.5,622357,0.0,0.0,-0.010736213156684271,0.4459779538389577
2023-05-23 00:00:00-03:00,708.0,742.1500244140625,705.5999755859375,718.6500244140625,680760,0.0,0.0,0.012896440329897896,0.42790771934948973
2023-05-24 00:00:00-03:00,720.0,730.0,710.3499755859375,724.5499877929688,493817,0.0,0.0,0.008209786653408546,0.4271527893375174
2023-05-29 00:00:00-03:00,726.0,748.5,716.0,740.1500244140625,332973,0.0,0.0,0.021530656109197688,0.43059563221872127
2023-05-30 00:00:00-03:00,736.9000244140625,736.9000244140625,721.0,730.75,347034,0.0,0.0,-0.012700160918732606,0.41052147873888434
2023-05-31 00:00:00-03:00,733.5499877929688,733.5499877929688,705.4000244140625,726.0999755859375,513009,0.0,0.0,-0.006363358760263393,0.4116719981386276
2023-06-01 00:00:00-03:00,735.2999877929688,763.5499877929688,730.0,761.9500122070312,582301,0.0,0.0,0.04937341664577799,0.43540220864435064
2023-06-02 00:00:00-03:00,762.0999755859375,777.0499877929688,756.0,767.5999755859375,464227,0.0,0.0,0.007415136542278988,0.3802120696030144
2023-06-05 00:00:00-03:00,770.0,780.5,765.5,779.5499877929688,1641160,0.0,0.0,0.015568020566844476,0.368389291121368
2023-06-06 00:00:00-03:00,780.25,812.0999755859375,780.25,811.4000244140625,708935,0.0,0.0,0.04085695224146724,0.3429317134817109
2023-06-07 00:00:00-03:00,804.0,825.0,791.0,795.5,1464388,0.0,0.0,-0.01959578991329758,0.3585644528243447
2023-06-08 00:00:00-03:00,800.0,814.9500122070312,778.0,789.5,438641,0.0,0.0,-0.007542426147077341,0.365253852458481
2023-06-09 00:00:00-03:00,786.2000122070312,801.0,777.0,779.0,891877,0.0,0.0,-0.013299556681444002,0.3758133149717032
2023-06-12 00:00:00-03:00,781.3499755859375,796.0,770.0,777.75,358531,0.0,0.0,-0.0016046213093710016,0.36437905876880083
2023-06-13 00:00:00-03:00,790.0,792.5,762.7000122070312,770.5499877929688,730514,0.0,0.0,-0.009257489176510814,0.30509469792956984
2023-06-14 00:00:00-03:00,775.0,780.0,760.0,768.75,370078,0.0,0.0,-0.002335977965718161,0.3029726543616981
2023-06-15 00:00:00-03:00,770.0,794.4000244140625,770.0,781.0,492787,0.0,0.0,0.015934959349593436,0.29042717414093305
2023-06-16 00:00:00-03:00,793.7999877929688,835.9500122070312,780.0,831.0999755859375,1107247,0.0,0.0,0.06414849626880592,0.35404593891537567
2023-06-21 00:00:00-03:00,850.0,894.0999755859375,850.0,891.2000122070312,972142,0.0,0.0,0.07231384717430944,0.41869267848487896
2023-06-22 00:00:00-03:00,877.5999755859375,880.0,855.0,861.5,832410,0.0,0.0,-0.03332586602358767,0.4461201437209677
2023-06-23 00:00:00-03:00,875.0,889.0,866.0,872.0999755859375,726334,0.0,0.0,0.012304092380658771,0.43965746938570677
2023-06-26 00:00:00-03:00,899.0,908.0,860.0,868.0999755859375,1189830,0.0,0.0,-0.0045866301020276445,0.44288098126081094
2023-06-27 00:00:00-03:00,872.4000244140625,879.0,841.0499877929688,853.75,1097703,0.0,0.0,-0.016530325987224925,0.4526958421855371
2023-06-28 00:00:00-03:00,860.0,883.75,838.0,840.5999755859375,682964,0.0,0.0,-0.015402664028184465,0.4576761330838888
2023-06-29 00:00:00-03:00,846.7000122070312,868.0,837.0,861.3499755859375,407113,0.0,0.0,0.02468474970575185,0.455818866524943
2023-06-30 00:00:00-03:00,864.2000122070312,892.0,851.1500244140625,889.7999877929688,732738,0.0,0.0,0.03302956175006333,0.46005233846825677
2023-07-03 00:00:00-03:00,890.0,915.0,870.0499877929688,885.25,1019500,0.0,0.0,-0.005113495004932966,0.4393465184752075
2023-07-04 00:00:00-03:00,887.0,910.0,886.0,897.8499755859375,340092,0.0,0.0,0.014233239859855917,0.43991643230601
2023-07-05 00:00:00-03:00,877.7999877929688,896.5,865.0,893.8499755859375,710427,0.0,0.0,-0.004455087273783742,0.4412226174743982
2023-07-06 00:00:00-03:00,890.9500122070312,890.9500122070312,841.0499877929688,842.2999877929688,504848,0.0,0.0,-0.057671856800327825,0.47863434070465544
2023-07-07 00:00:00-03:00,860.0,870.4000244140625,849.0,863.5499877929688,482327,0.0,0.0,0.025228541265541526,0.4778877642681136
2023-07-10 00:00:00-03:00,865.9500122070312,868.9500122070312,844.0,850.9500122070312,945620,0.0,0.0,-0.014590904712001751,0.4808963466625003
2023-07-11 00:00:00-03:00,855.9500122070312,859.7999877929688,845.7999877929688,856.6500244140625,451172,0.0,0.0,0.006698410159543533,0.47647152822320715
2023-07-12 00:00:00-03:00,870.2999877929688,894.5,870.2999877929688,893.6500244140625,672665,0.0,0.0,0.0431915005492558,0.49420789185874053
2023-07-13 00:00:00-03:00,900.0,924.5999755859375,896.0,921.7999877929688,681123,0.0,0.0,0.03149998613535909,0.4971279119925515
2023-07-14 00:00:00-03:00,920.1500244140625,927.7000122070312,902.0499877929688,925.8499755859375,700292,0.0,0.0,0.004393564598178745,0.4955810600038559
2023-07-17 00:00:00-03:00,933.5,971.0,931.7999877929688,957.1500244140625,879931,0.0,0.0,0.03380682578548022,0.5025274902053233
2023-07-18 00:00:00-03:00,970.0,995.0,943.0999755859375,946.4000244140625,1003796,0.0,0.0,-0.01123125918173673,0.4660914547956195
2023-07-19 00:00:00-03:00,957.7999877929688,957.7999877929688,915.0,926.25,1055619,0.0,0.0,-0.02129123403873312,0.40654397256290437
2023-07-20 00:00:00-03:00,930.0,950.0,925.0,934.4500122070312,582239,0.0,0.0,0.008852914663461497,0.3845741277690189
2023-07-21 00:00:00-03:00,953.6500244140625,961.7000122070312,938.0,957.0999755859375,518147,0.0,0.0,0.02423881757506785,0.39014013465645336
2023-07-24 00:00:00-03:00,962.2999877929688,963.0,941.5,950.3499755859375,685223,0.0,0.0,-0.007052554771895814,0.3910367008707462
2023-07-25 00:00:00-03:00,954.7999877929688,961.2999877929688,936.0499877929688,955.2999877929688,320638,0.0,0.0,0.005208620333766234,0.38281725985037807
2023-07-26 00:00:00-03:00,956.0,975.0,946.0,950.4000244140625,382173,0.0,0.0,-0.0051292404914885514,0.3769218349626135
2023-07-27 00:00:00-03:00,943.7999877929688,946.0,896.0,898.0499877929688,618072,0.0,0.0,-0.05508210782440626,0.4284948592890334
2023-07-28 00:00:00-03:00,905.0,926.5499877929688,900.5999755859375,903.7000122070312,542762,0.0,0.0,0.006291436435457154,0.41342301259777114
2023-07-31 00:00:00-03:00,905.7000122070312,932.1500244140625,905.7000122070312,929.8499755859375,631089,0.0,0.0,0.02893655308805676,0.42416241370706664
2023-08-01 00:00:00-03:00,944.3499755859375,970.0,944.3499755859375,959.9500122070312,1268120,0.0,0.0,0.03237085273043805,0.4353823462069567
2023-08-02 00:00:00-03:00,939.0,956.0,936.0,942.5999755859375,513396,0.0,0.0,-0.018073895932564366,0.4414121388002764
2023-08-03 00:00:00-03:00,941.7999877929688,960.0,921.0,923.4000244140625,737132,0.0,0.0,-0.02036914032375181,0.3902730128432617
2023-08-04 00:00:00-03:00,930.0,970.0,930.0,943.75,789732,0.0,0.0,0.022038092969350442,0.38822728524006817
2023-08-07 00:00:00-03:00,949.9500122070312,970.0,940.75,969.0,786799,0.0,0.0,0.026754966887417186,0.3886691825639603
2023-08-08 00:00:00-03:00,972.0,1006.0,972.0,980.2999877929688,1075056,0.0,0.0,0.011661494110390969,0.3890506073585689
2023-08-09 00:00:00-03:00,985.0,1026.800048828125,983.1500244140625,989.0,776418,0.0,0.0,0.008874846797273017,0.36510255970185546
2023-08-10 00:00:00-03:00,991.0,1036.5,983.0,1030.699951171875,997874,0.0,0.0,0.042163752448811875,0.3770066405979922
2023-08-11 00:00:00-03:00,1049.449951171875,1086.0,1032.0,1082.5999755859375,976195,0.0,0.0,0.050354154334686596,0.4085977979855034
2023-08-14 00:00:00-03:00,1071.0,1175.050048828125,1021.0,1147.9000244140625,920442,0.0,0.0,0.060317800019145995,0.4402718692588211
2023-08-15 00:00:00-03:00,1170.0,1269.949951171875,1170.0,1259.949951171875,1250827,0.0,0.0,0.0976129666126695,0.5322406770877832
2023-08-16 00:00:00-03:00,1271.0,1336.6500244140625,1271.0,1298.050048828125,1665017,0.0,0.0,0.030239373890060595,0.5169346092302131
2023-08-17 00:00:00-03:00,1330.0,1337.699951171875,1277.9000244140625,1332.5,989640,0.0,0.0,0.026539771099717058,0.5168182816536145
2023-08-18 00:00:00-03:00,1333.0,1357.0,1310.25,1344.1500244140625,926624,0.0,0.0,0.008742982674718514,0.517421011172705
2023-08-22 00:00:00-03:00,1360.0,1407.5,1327.5,1404.699951171875,691952,0.0,0.0,0.045047000452354435,0.517520758736201
2023-08-23 00:00:00-03:00,1393.0,1428.050048828125,1372.0999755859375,1426.449951171875,798001,0.0,0.0,0.015483733719685144,0.5148447689776421
2023-08-24 00:00:00-03:00,1439.75,1445.75,1405.0,1417.0999755859375,668106,0.0,0.0,-0.006554716888774292,0.51581864720977
2023-08-25 00:00:00-03:00,1432.0,1432.9000244140625,1375.949951171875,1422.449951171875,994470,0.0,0.0,0.003775298622615164,0.43755243091279455
2023-08-28 00:00:00-03:00,1430.0,1506.449951171875,1430.0,1500.949951171875,667548,0.0,0.0,0.05518647593564063,0.4462202599908304
2023-08-29 00:00:00-03:00,1494.0,1555.0,1494.0,1551.9000244140625,1064538,0.0,0.0,0.03394521796173677,0.4470027345552596
2023-08-30 00:00:00-03:00,1555.0,1560.449951171875,1486.0,1507.4000244140625,888223,0.0,0.0,-0.028674527546838302,0.4867691773082122
2023-08-31 00:00:00-03:00,1509.0,1516.0999755859375,1420.050048828125,1429.0999755859375,789799,0.0,0.0,-0.05194377574629583,0.5371486551117608
2023-09-01 00:00:00-03:00,1440.5,1460.0,1400.0,1409.949951171875,678652,0.0,0.0,-0.013400059296908795,0.5304615766469573
2023-09-04 00:00:00-03:00,1410.0,1485.0,1410.0,1430.1500244140625,320337,0.0,0.0,0.014326801618311569,0.5311423252544474
2023-09-05 00:00:00-03:00,1385.199951171875,1385.199951171875,1338.0,1344.0,950679,0.0,0.0,-0.060238452570287815,0.6044774891545583
2023-09-06 00:00:00-03:00,1347.0,1365.25,1305.0,1307.800048828125,769098,0.0,0.0,-0.026934487479073677,0.6243439435115266
2023-09-07 00:00:00-03:00,1271.3499755859375,1278.6500244140625,1201.800048828125,1210.25,1491260,0.0,0.0,-0.0745909505933543,0.7012015131956147
2023-09-08 00:00:00-03:00,1200.0,1238.5,1138.949951171875,1155.550048828125,1389361,0.0,0.0,-0.045197232945155985,0.718185395259147
2023-09-11 00:00:00-03:00,1154.0,1172.0,1093.550048828125,1117.8499755859375,2198507,0.0,0.0,-0.03262521885609382,0.7116627436724108
2023-09-12 00:00:00-03:00,1122.0,1201.3499755859375,1122.0,1189.199951171875,1650362,0.0,0.0,0.06382786343805957,0.7155400300484899
2023-09-13 00:00:00-03:00,1185.0,1226.800048828125,1168.0999755859375,1215.5999755859375,1448150,0.0,0.0,0.022199819624989958,0.6275709727691541
2023-09-14 00:00:00-03:00,1220.0,1255.0,1217.0,1232.0,1215304,0.0,0.0,0.013491300381243798,0.6192594589969924
2023-09-15 00:00:00-03:00,1232.0,1240.0,1191.0,1198.949951171875,742005,0.0,0.0,-0.026826338334517086,0.6157398966831646
2023-09-18 00:00:00-03:00,1203.0,1246.6500244140625,1199.0,1242.0,994376,0.0,0.0,0.03590646030390765,0.6308798129051478
2023-09-19 00:00:00-03:00,1250.0,1250.0,1215.0,1229.4000244140625,588646,0.0,0.0,-0.010144907879176768,0.6047894629334781
2023-09-20 00:00:00-03:00,1240.0,1246.6500244140625,1197.0,1200.199951171875,636499,0.0,0.0,-0.023751482562483606,0.6023785410606229
2023-09-21 00:00:00-03:00,1190.0,1240.0,1185.0999755859375,1212.050048828125,1154795,0.0,0.0,0.009873436209257846,0.6056827140915313
2023-09-22 00:00:00-03:00,1214.0,1239.0,1209.0,1212.800048828125,734293,0.0,0.0,0.0006187863287701045,0.6050350028221946
2023-09-25 00:00:00-03:00,1214.0,1221.5,1177.949951171875,1188.8499755859375,737278,0.0,0.0,-0.019747750888804316,0.5592102905976825
2023-09-26 00:00:00-03:00,1200.0,1216.0,1185.0,1189.199951171875,1271720,0.0,0.0,0.0002943816235223551,0.5356021475153174
2023-09-27 00:00:00-03:00,1206.0,1250.75,1204.0,1230.5999755859375,1075070,0.0,0.0,0.03481334183815399,0.5574180368207097
2023-09-28 00:00:00-03:00,1259.0,1284.0,1239.0,1282.0999755859375,897789,0.0,0.0,0.04184950513710106,0.5621082293468874
2023-09-29 00:00:00-03:00,1294.75,1297.9000244140625,1180.0,1209.4000244140625,1060080,0.0,0.0,-0.05670380824915788,0.5911493066915238
2023-10-02 00:00:00-03:00,1219.949951171875,1252.0,1213.1500244140625,1226.75,941224,0.0,0.0,0.01434593619620883,0.591158456814382
2023-10-03 00:00:00-03:00,1227.0,1251.550048828125,1200.0,1245.1500244140625,1203225,0.0,0.0,0.01499900094889961,0.5607985902906822
2023-10-04 00:00:00-03:00,1258.949951171875,1315.0,1226.5,1310.550048828125,916866,0.0,0.0,0.05252381089165392,0.5865599008747457
2023-10-05 00:00:00-03:00,1315.0,1339.1500244140625,1295.0,1317.0,1178612,0.0,0.0,0.004921560361347943,0.5145766366104597
2023-10-06 00:00:00-03:00,1322.449951171875,1394.800048828125,1317.0,1336.300048828125,1355462,0.0,0.0,0.014654554918849705,0.48026348740303726
2023-10-09 00:00:00-03:00,1338.0,1420.0,1316.0,1367.9000244140625,896994,0.0,0.0,0.02364736543536705,0.45860633027383835
2023-10-10 00:00:00-03:00,1400.0,1574.949951171875,1385.0,1521.25,1755266,0.0,0.0,0.11210612826154809,0.5549153077941883
2023-10-11 00:00:00-03:00,1530.0,1570.949951171875,1416.449951171875,1524.550048828125,2498064,0.0,0.0,0.0021693007908791806,0.5550437100142628
2023-10-12 00:00:00-03:00,1550.0,1650.0,1524.550048828125,1570.6500244140625,2984776,0.0,0.0,0.030238414030010485,0.5588302013941834
2023-10-17 00:00:00-03:00,1600.0,1776.0,1578.0,1744.25,2999384,0.0,0.0,0.11052747135740804,0.6369176963006614
2023-10-18 00:00:00-03:00,1785.0,1785.0,1657.050048828125,1673.0,3007515,0.0,0.0,-0.0408485022215852,0.668438973400206
2023-10-19 00:00:00-03:00,1644.0,1695.0,1580.0,1622.9000244140625,2435303,0.0,0.0,-0.029946189830207692,0.6821941443525381
2023-10-20 00:00:00-03:00,1685.0,1772.0,1623.0,1738.8499755859375,1820480,0.0,0.0,0.07144614543569183,0.6943714652495693
2023-10-23 00:00:00-03:00,1650.0,1650.0,1510.0,1534.6500244140625,2415553,0.0,0.0,-0.11743390979032908,0.848040004272484
2023-10-24 00:00:00-03:00,1580.0,1625.0,1400.0,1455.5,812025,0.0,0.0,-0.05157529283869289,0.8780369377911444
2023-10-25 00:00:00-03:00,1455.5,1498.0,1350.0,1483.4000244140625,1079135,0.0,0.0,0.019168687333605217,0.871027336656895
2023-10-26 00:00:00-03:00,1498.0,1549.5999755859375,1412.0,1443.0,557399,0.0,0.0,-0.027234747033269335,0.8815863058213712
2023-10-27 00:00:00-03:00,1430.0,1451.0,1342.0,1354.3499755859375,1059296,0.0,0.0,-0.06143452835347363,0.9130098013892955
2023-10-30 00:00:00-03:00,1382.949951171875,1382.949951171875,1265.0,1273.550048828125,1387456,0.0,0.0,-0.05965956230984959,0.9316045057213964
2023-10-31 00:00:00-03:00,1260.0,1318.9000244140625,1249.699951171875,1275.550048828125,106350,0.0,0.0,0.0015704133511205143,0.9061013237222327
2023-11-01 00:00:00-03:00,1300.0,1371.0,1285.0,1353.5,749291,0.0,0.0,0.061110852720745346,0.927981559917639
2023-11-02 00:00:00-03:00,1395.0,1408.050048828125,1351.0,1374.9000244140625,1621440,0.0,0.0,0.015810878769163317,0.9280840976630097
2023-11-03 00:00:00-03:00,1391.0,1405.5999755859375,1311.050048828125,1333.8499755859375,1146307,0.0,0.0,-0.02985675183591563,0.9200378596299221
2023-11-07 00:00:00-03:00,1333.0,1333.0,1250.550048828125,1260.4000244140625,762155,0.0,0.0,-0.05506612626327012,0.942289014559891
2023-11-08 00:00:00-03:00,1251.0,1298.5,1215.6500244140625,1221.4000244140625,783428,0.0,0.0,-0.030942557318761055,0.9464347857924025
2023-11-09 00:00:00-03:00,1220.0,1304.9000244140625,1150.0,1248.9000244140625,931171,0.0,0.0,0.02251514610308969,0.9460234363152302
2023-11-10 00:00:00-03:00,1287.5,1332.0,1270.0,1303.4000244140625,1060305,0.0,0.0,0.043638400940515076,0.8632575948501654
2023-11-13 00:00:00-03:00,1303.0,1339.0,1258.0,1264.25,609020,0.0,0.0,-0.030036844929216766,0.8666347978835185
2023-11-14 00:00:00-03:00,1298.0,1318.0,1250.0,1294.3499755859375,815582,0.0,0.0,0.023808562852234427,0.863175430167007
2023-11-15 00:00:00-03:00,1288.0,1318.0,1250.0,1279.5999755859375,728056,0.0,0.0,-0.011395681444906658,0.7404850214868725
2023-11-16 00:00:00-03:00,1281.0,1281.4000244140625,1225.0,1232.0,872362,0.0,0.0,-0.03719910635676682,0.7388623665957168
2023-11-17 00:00:00-03:00,1230.0,1333.0,1225.0,1326.949951171875,982072,0.0,0.0,0.07706976556158684,0.8033280236758692
2023-11-21 00:00:00-03:00,1487.0,1651.0,1441.3499755859375,1613.8499755859375,2962291,0.0,0.0,0.21621013223648045,1.1033950035293463
2023-11-22 00:00:00-03:00,1649.0,1799.0,1590.0,1687.800048828125,2442520,0.0,0.0,0.04582214850258226,1.025399011859748
2023-11-23 00:00:00-03:00,1690.0,1855.0,1661.0,1806.550048828125,808902,0.0,0.0,0.07035786027050461,1.024967986498464
2023-11-24 00:00:00-03:00,1855.0,1895.0,1760.0,1871.5,1663111,0.0,0.0,0.03595247815802649,1.0280967642883145
2023-11-27 00:00:00-03:00,1850.0,1901.0,1679.199951171875,1710.300048828125,2579267,0.0,0.0,-0.08613409092806568,1.0790822906162154
2023-11-28 00:00:00-03:00,1701.0,1784.0,1555.0,1566.75,1145281,0.0,0.0,-0.08393266954911427,1.1017214678731062
2023-11-29 00:00:00-03:00,1570.0,1665.0,1536.0,1574.550048828125,953408,0.0,0.0,0.0049784897578586396,1.0713929824653403
2023-11-30 00:00:00-03:00,1600.0,1645.0,1530.0,1633.4000244140625,697404,0.0,0.0,0.03737574148864753,1.0739889842210217
2023-12-01 00:00:00-03:00,1630.0,1747.0,1601.5,1738.5,1166706,0.0,0.0,0.0643442965685268,1.0759096512269004
2023-12-04 00:00:00-03:00,1750.0,1795.0,1644.4000244140625,1693.25,792829,0.0,0.0,-0.02602818521714123,1.0855262987921688
2023-12-05 00:00:00-03:00,1693.300048828125,1812.1500244140625,1693.300048828125,1806.8499755859375,970204,0.0,0.0,0.06708990142385196,1.089804448758956
2023-12-06 00:00:00-03:00,1807.0,1850.0,1716.5,1800.199951171875,1096048,0.0,0.0,-0.003680451893581238,1.0593102188370156
2023-12-07 00:00:00-03:00,1842.0,1925.0,1775.0,1901.0999755859375,1404007,0.0,0.0,0.05604934293458874,1.048788619073212
2023-12-11 00:00:00-03:00,1925.0,1980.0,1855.699951171875,1938.5999755859375,1507296,0.0,0.0,0.019725422377348645,1.0488997513068052
2023-12-12 00:00:00-03:00,1975.0,2089.0,1910.0,2061.35009765625,1478676,0.0,0.0,0.06331895368626084,1.056039030838378
2023-12-13 00:00:00-03:00,2089.0,2234.0,1977.0,2060.35009765625,922712,0.0,0.0,-0.0004851189524462951,1.0406411047692197
2023-12-14 00:00:00-03:00,2060.0,2130.0,1985.5,2029.5999755859375,820356,0.0,0.0,-0.014924707264698522,1.0510801254998017
2023-12-15 00:00:00-03:00,2017.0,2052.0,1914.949951171875,1950.550048828125,1135034,0.0,0.0,-0.03894852567437146,1.068052005436551
2023-12-18 00:00:00-03:00,1950.550048828125,1999.0,1875.0,1944.300048828125,876690,0.0,0.0,-0.0032042243693028993,1.0491412342285797
2023-12-19 00:00:00-03:00,1972.699951171875,1995.0,1908.050048828125,1939.9000244140625,1085029,0.0,0.0,-0.0022630377532081303,1.0346605919103462
2023-12-20 00:00:00-03:00,1940.0,1969.0,1885.0,1912.1500244140625,983163,0.0,0.0,-0.014304860895283378,0.7395222722464646
2023-12-21 00:00:00-03:00,1949.0,2000.5,1856.550048828125,1919.5,1181364,0.0,0.0,0.0038438278859367347,0.7271262440319023
2023-12-22 00:00:00-03:00,1947.0,1980.0,1878.0,1949.050048828125,514279,0.0,0.0,0.01539465945721541,0.6892519476234571
2023-12-26 00:00:00-03:00,1960.0,2000.0,1859.050048828125,1881.25,743664,0.0,0.0,-0.03478620206232774,0.6924525632421168
2023-12-27 00:00:00-03:00,1881.5,1917.0,1786.5,1826.0999755859375,519151,0.0,0.0,-0.02931562759551498,0.6233635241588058
2023-12-28 00:00:00-03:00,1827.0,1887.199951171875,1784.0,1864.050048828125,1325540,0.0,0.0,0.020782034800701732,0.5314684791457384
2023-12-29 00:00:00-03:00,1850.0,1938.0,1805.0,1931.5999755859375,1644386,0.0,0.0,0.0362382580876941,0.5396579919997073
2024-01-02 00:00:00-03:00,1940.0,1959.0,1860.0,1915.3499755859375,611905,0.0,0.0,-0.008412714954125322,0.5342118230621948
2024-01-03 00:00:00-03:00,1920.0,2060.0,1835.0,2047.0999755859375,797695,0.0,0.0,0.0687863845664527,0.540563228097188
2024-01-04 00:00:00-03:00,2047.0999755859375,2148.949951171875,2047.0,2140.5,1347116,0.0,0.0,0.045625531497223815,0.5392669761488745
2024-01-05 00:00:00-03:00,2139.0,2223.300048828125,2090.0,2208.60009765625,897089,0.0,0.0,0.031815042119247794,0.505217201147186
2024-01-08 00:00:00-03:00,2210.0,2388.0,2150.0,2366.75,654494,0.0,0.0,0.07160640014078479,0.5460932658660846
2024-01-09 00:00:00-03:00,2400.0,2450.0,2219.0,2243.949951171875,794919,0.0,0.0,-0.051885517620418264,0.5705710408060768
2024-01-10 00:00:00-03:00,2255.0,2300.0,2200.0,2223.800048828125,721843,0.0,0.0,-0.008979657649328177,0.5724627865461983
2024-01-11 00:00:00-03:00,2240.0,2318.949951171875,2170.0,2180.699951171875,567126,0.0,0.0,-0.01938128280866014,0.5398392916679845
2024-01-12 00:00:00-03:00,2185.0,2230.0,2120.0,2179.699951171875,472053,0.0,0.0,-0.0004585683598803403,0.5398367916425789
2024-01-15 00:00:00-03:00,2180.0,2245.5,2135.0,2241.35009765625,514667,0.0,0.0,0.02828377660477077,0.5422073665648846
2024-01-16 00:00:00-03:00,2242.0,2295.0,2164.0,2261.050048828125,727648,0.0,0.0,0.008789323538734628,0.5161296645372573
2024-01-17 00:00:00-03:00,2257.10009765625,2450.0,2257.10009765625,2400.0,1163455,0.0,0.0,0.06145372644178804,0.5477279224575229
2024-01-18 00:00:00-03:00,2469.0,2500.0,2400.5,2404.35009765625,806798,0.0,0.0,0.0018125406901041696,0.5465949081137046
2024-01-19 00:00:00-03:00,2420.0,2500.0,2380.0,2490.949951171875,1096930,0.0,0.0,0.036017988228936426,0.5444576602405433
2024-01-22 00:00:00-03:00,2520.0,2620.0,2502.5,2552.25,584214,0.0,0.0,0.024609104971894835,0.5443796721998779
2024-01-23 00:00:00-03:00,2555.0,2625.0,2449.35009765625,2476.0,547338,0.0,0.0,-0.0298755999608189,0.5670778786028077
2024-01-24 00:00:00-03:00,2450.0,2574.0,2430.0,2551.64990234375,835226,0.0,0.0,0.030553272352080052,0.5414577603290583
2024-01-25 00:00:00-03:00,2575.0,2620.0,2545.0,2560.5,542163,0.0,0.0,0.003468382417243454,0.5171023134616953
2024-01-26 00:00:00-03:00,2561.0,2562.0,2435.0,2466.5,856564,0.0,0.0,-0.036711579769576286,0.5514558787054142
2024-01-29 00:00:00-03:00,2466.0,2496.39990234375,2347.699951171875,2483.199951171875,652376,0.0,0.0,0.006770707955351618,0.5460619890908649
2024-01-30 00:00:00-03:00,2480.0,2575.0,2455.0,2504.199951171875,440052,0.0,0.0,0.008456830063197085,0.5404632638536925
2024-01-31 00:00:00-03:00,2504.199951171875,2560.0,2400.0,2450.800048828125,485981,0.0,0.0,-0.021324136804156013,0.5133672199693292
2024-02-01 00:00:00-03:00,2468.0,2560.0,2405.050048828125,2552.550048828125,662459,0.0,0.0,0.041517054828137834,0.509730367148547
2024-02-02 00:00:00-03:00,2570.0,2600.0,2496.0,2535.10009765625,771186,0.0,0.0,-0.006836281694020507,0.5055609857848549
2024-02-05 00:00:00-03:00,2536.0,2570.0,2400.0,2440.300048828125,591896,0.0,0.0,-0.037394992377527636,0.4686503971653664
2024-02-06 00:00:00-03:00,2461.0,2490.0,2326.949951171875,2336.449951171875,519678,0.0,0.0,-0.04255628225148811,0.45542130418773014
2024-02-07 00:00:00-03:00,2235.0,2325.0,2157.75,2211.800048828125,1135097,0.0,0.0,-0.05335012730798294,0.4956016250161367
2024-02-08 00:00:00-03:00,2201.0,2226.0,2134.800048828125,2197.64990234375,596020,0.0,0.0,-0.006397570382491002,0.49092131386785276
2024-02-09 00:00:00-03:00,2197.64990234375,2244.39990234375,2133.0,2164.35009765625,1245899,0.0,0.0,-0.015152461114022908,0.4941972228515152
2024-02-14 00:00:00-03:00,2198.449951171875,2214.0,2061.5,2071.14990234375,657924,0.0,0.0,-0.04306151551610127,0.5050157067034658
2024-02-15 00:00:00-03:00,2072.0,2127.5,2002.0,2012.0999755859375,771782,0.0,0.0,-0.02851069673469342,0.5103436962568896
2024-02-16 00:00:00-03:00,2013.0,2059.0,1880.0,1915.4000244140625,982981,0.0,0.0,-0.04805921790427703,0.46644543280363815
2024-02-19 00:00:00-03:00,1914.0,1999.0,1895.5,1933.699951171875,696477,0.0,0.0,0.009554101767024203,0.4700178548953807
2024-02-20 00:00:00-03:00,1935.0,1992.5,1801.0,1896.6500244140625,1122181,0.0,0.0,-0.019160121887244808,0.43739870078226784
2024-02-21 00:00:00-03:00,1898.0,1928.25,1850.0,1877.300048828125,971532,0.0,0.0,-0.010202185609817671,0.4143645797982603
2024-02-22 00:00:00-03:00,1892.0,1960.0,1892.0,1909.4000244140625,1666620,0.0,0.0,0.017099011746138038,0.4252737578027824
2024-02-23 00:00:00-03:00,1930.0,2007.300048828125,1880.0,1997.5999755859375,905450,0.0,0.0,0.04619249504772638,0.44925177228200874
2024-02-26 00:00:00-03:00,2025.0,2071.0,1900.0,1904.8499755859375,882920,0.0,0.0,-0.046430717427694446,0.4615332206363869
2024-02-27 00:00:00-03:00,1915.0,1933.25,1819.699951171875,1833.949951171875,797122,0.0,0.0,-0.037220791832833666,0.4618649201690556
2024-02-28 00:00:00-03:00,1830.0,1861.0999755859375,1760.0999755859375,1771.5999755859375,1728504,0.0,0.0,-0.0339976429270038,0.4598596963712011
2024-02-29 00:00:00-03:00,1755.0,1875.0,1755.0,1769.199951171875,754758,0.0,0.0,-0.0013547214084086434,0.45412521417701357
2024-03-01 00:00:00-03:00,1770.0,1865.0,1770.0,1862.9000244140625,1218912,0.0,0.0,0.05296183350000816,0.5166337035627043
2024-03-04 00:00:00-03:00,1935.0,1992.0,1775.5,1785.1500244140625,1111555,0.0,0.0,-0.041736002459098476,0.4833072609690739
2024-03-05 00:00:00-03:00,1770.0,1827.0,1704.550048828125,1708.550048828125,566611,0.0,0.0,-0.042909545157740925,0.4898855770558107
2024-03-06 00:00:00-03:00,1724.0,1762.0,1681.800048828125,1715.5999755859375,1003770,0.0,0.0,0.004126262945968628,0.49147026490062834
2024-03-07 00:00:00-03:00,1700.0,1717.300048828125,1610.0,1622.300048828125,1580791,0.0,0.0,-0.05438326421399442,0.5013188130722488
2024-03-08 00:00:00-03:00,1638.0,1675.0,1607.550048828125,1668.5,1916548,0.0,0.0,0.028478055711856687,0.5080238914744508
2024-03-11 00:00:00-03:00,1700.0,1700.0,1584.6500244140625,1604.1500244140625,1609639,0.0,0.0,-0.0385675610344246,0.5148399984627757
2024-03-12 00:00:00-03:00,1609.0,1739.949951171875,1609.0,1700.0,1903752,0.0,0.0,0.05975125401437942,0.5793810283107135
2024-03-13 00:00:00-03:00,1740.0,1769.0999755859375,1650.5,1665.1500244140625,2302045,0.0,0.0,-0.020499985638786744,0.5684456274213583
2024-03-14 00:00:00-03:00,1661.0,1682.0,1636.0999755859375,1663.4000244140625,1328678,0.0,0.0,-0.0010509563548880552,0.5650887986711403
2024-03-15 00:00:00-03:00,1670.0,1730.0,1648.0,1711.3499755859375,1534308,0.0,0.0,0.028826470162380602,0.5602534398104536
2024-03-18 00:00:00-03:00,1725.0,1850.0,1683.0,1839.050048828125,2953647,0.0,0.0,0.07461949634145704,0.6264111188903054
2024-03-19 00:00:00-03:00,1850.0,1901.550048828125,1810.0,1817.199951171875,2910155,0.0,0.0,-0.011881187067297794,0.6242606007675863
2024-03-20 00:00:00-03:00,1830.0,1939.300048828125,1830.0,1921.9000244140625,2567613,0.0,0.0,0.057616154553971066,0.6571408594870518
2024-03-21 00:00:00-03:00,1955.0,1968.0,1887.5999755859375,1921.5,3024122,0.0,0.0,-0.0002081400743956241,0.654727505793087
2024-03-22 00:00:00-03:00,1918.1500244140625,1931.300048828125,1870.0,1921.5999755859375,2258078,0.0,0.0,5.202996926234604e-05,0.6327106108022764
2024-03-25 00:00:00-03:00,1950.0,1965.0,1850.0,1863.6500244140625,1669359,0.0,0.0,-0.030157135672425728,0.6197824873020551
2024-03-26 00:00:00-03:00,1864.0,1910.5,1820.0999755859375,1874.5999755859375,1185677,0.0,0.0,0.005875540486909747,0.6044936964126043
2024-03-27 00:00:00-03:00,1900.0,1915.5,1873.0999755859375,1887.3499755859375,1792200,0.0,0.0,0.0068014510647878,0.5896337275800809
2024-04-03 00:00:00-03:00,1889.5,1890.8499755859375,1820.0,1887.9000244140625,1649443,0.0,0.0,0.0002914397622275633,0.5894711201987102
2024-04-04 00:00:00-03:00,1924.0,1925.0,1839.0,1843.949951171875,2574079,0.0,0.0,-0.02327987323154368,0.5670051691042693
2024-04-05 00:00:00-03:00,1870.0,1964.449951171875,1860.0,1959.3499755859375,3814781,0.0,0.0,0.06258305673682907,0.5855577846455361
2024-04-08 00:00:00-03:00,1950.0,2002.0,1893.0,1921.800048828125,4714901,0.0,0.0,-0.019164481703470737,0.5653439840119293
2024-04-09 00:00:00-03:00,1934.0,1980.0,1894.0,1942.800048828125,2987847,0.0,0.0,0.010927255420149162,0.5654820293248359
2024-04-10 00:00:00-03:00,1942.0,1942.0,1870.5,1906.9000244140625,2455562,0.0,0.0,-0.018478496763327246,0.5269829444590913
2024-04-11 00:00:00-03:00,1906.0,1946.6500244140625,1876.0,1938.8499755859375,144775,0.0,0.0,0.016754916756421157,0.5227518180210747
2024-04-12 00:00:00-03:00,1940.0,1940.5,1893.0,1904.4000244140625,2082156,0.0,0.0,-0.017768239732661062,0.5029963232094099
2024-04-15 00:00:00-03:00,1904.5,1904.5,1798.0,1820.25,2417282,0.0,0.0,-0.04418715781100324,0.4994207868906339
2024-04-16 00:00:00-03:00,1819.949951171875,1832.0,1771.0,1812.9000244140625,1548319,0.0,0.0,-0.004037893468445297,0.49212593264788956
2024-04-17 00:00:00-03:00,1812.0,1839.0,1765.0999755859375,1790.199951171875,1461277,0.0,0.0,-0.012521414825135913,0.49557806004855326
2024-04-18 00:00:00-03:00,1812.0,1830.5,1770.0,1789.5999755859375,1668501,0.0,0.0,-0.0003351444544196225,0.4870432820083235
2024-04-19 00:00:00-03:00,1802.0,1855.0,1785.0,1835.0,2264935,0.0,0.0,0.025368811484923093,0.41687303409210896
2024-04-22 00:00:00-03:00,1879.0,1970.0,1845.0,1961.25,2658960,0.0,0.0,0.06880108991825606,0.47950114764356894
2024-04-23 00:00:00-03:00,1975.0,1975.0,1901.0,1912.5,1818152,0.0,0.0,-0.0248565965583174,0.4459452571545367
2024-04-24 00:00:00-03:00,1887.3499755859375,1889.5,1835.5,1839.5,1784301,0.0,0.0,-0.03816993464052287,0.4662172348473273
2024-04-25 00:00:00-03:00,1849.75,1906.699951171875,1815.5999755859375,1900.9000244140625,1777414,0.0,0.0,0.03337864877089558,0.4826676480783537
2024-04-26 00:00:00-03:00,1900.0,1935.0,1895.0,1913.3499755859375,507246,0.0,0.0,0.0065495033994291685,0.4697734586383445
2024-04-29 00:00:00-03:00,1915.4000244140625,1993.0,1915.4000244140625,1962.199951171875,1107275,0.0,0.0,0.025531124054279708,0.477198298042975
2024-04-30 00:00:00-03:00,2000.0,2005.0,1932.050048828125,1947.0999755859375,2515336,0.0,0.0,-0.007695431638819139,0.4783227302382417
2024-05-02 00:00:00-03:00,1999.0,2105.0,1961.0,2091.25,3003601,0.0,0.0,0.07403319101305206,0.5422154431095639
2024-05-03 00:00:00-03:00,2105.0,2203.85009765625,2105.0,2182.800048828125,3613600,0.0,0.0,0.04377766829796781,0.5469529425620759
2024-05-06 00:00:00-03:00,2195.0,2230.0,2160.10009765625,2207.5,2952960,0.0,0.0,0.011315718627153082,0.5093511128750513
2024-05-07 00:00:00-03:00,2220.0,2230.0,2123.550048828125,2184.199951171875,3363299,0.0,0.0,-0.010554948506511841,0.5044999074694929
2024-05-08 00:00:00-03:00,2194.0,2219.0,2130.0,2135.550048828125,2010532,0.0,0.0,-0.022273557106183506,0.5146405613654755
2024-05-09 00:00:00-03:00,2125.0,2138.89990234375,2084.64990234375,2119.0,1169960,0.0,0.0,-0.007749782702216157,0.5094678622069488
2024-05-10 00:00:00-03:00,2130.0,2140.0,2030.0,2036.5,1067002,0.0,0.0,-0.03893345917885793,0.5314157028613578
2024-05-13 00:00:00-03:00,2030.0,2040.0,1949.0,1975.199951171875,1610844,0.0,0.0,-0.030100686878529292,0.5395438975639117
2024-05-14 00:00:00-03:00,1980.0,2080.0,1980.0,2057.39990234375,1454530,0.0,0.0,0.04161601519031333,0.5271735476940339
2024-05-15 00:00:00-03:00,2099.89990234375,2167.75,2085.0,2140.75,2129000,0.0,0.0,0.04051234646278501,0.5387769180167061
2024-05-16 00:00:00-03:00,2138.0,2156.10009765625,2110.0,2135.949951171875,1317792,0.0,0.0,-0.002242227643641237,0.5345793981565918
2024-05-17 00:00:00-03:00,2140.0,2165.25,2111.5,2122.199951171875,1665333,0.0,0.0,-0.006437416753354186,0.5364885274950302
2024-05-20 00:00:00-03:00,2112.550048828125,2237.949951171875,2090.0,2232.10009765625,1286620,0.0,0.0,0.051785952790964984,0.5549936542360268
2024-05-21 00:00:00-03:00,2251.10009765625,2282.14990234375,2201.5,2271.75,1874570,0.0,0.0,0.017763496531980394,0.5116567594843245
2024-05-22 00:00:00-03:00,2266.0,2317.5,2244.0,2272.949951171875,1977964,0.0,0.0,0.0005282056440518712,0.49787552631845006
2024-05-23 00:00:00-03:00,2273.10009765625,2325.0,2210.0,2233.64990234375,1100875,0.0,0.0,-0.017290327403761352,0.47662842973183944
2024-05-24 00:00:00-03:00,2235.0,2299.0,2162.10009765625,2235.800048828125,1623,0.0,0.0,0.0009626157089877019,0.46953490584706287
2024-05-27 00:00:00-03:00,2256.0,2360.0,2255.0,2319.35009765625,827416,0.0,0.0,0.0373691953678581,0.48040785084644066
2024-05-28 00:00:00-03:00,2330.0,2388.0,2270.0,2366.89990234375,1917241,0.0,0.0,0.020501348518082718,0.47859280663807946
2024-05-29 00:00:00-03:00,2366.0,2374.949951171875,2285.0,2361.60009765625,1817459,0.0,0.0,-0.0022391334260700724,0.4763271523340516
2024-05-30 00:00:00-03:00,2399.35009765625,2448.0,2350.449951171875,2445.0,2161807,0.0,0.0,0.03531499783833825,0.42441868980241004
2024-05-31 00:00:00-03:00,2440.0,2500.0,2400.0,2468.699951171875,1495994,0.0,0.0,0.00969323156313906,0.4032187429213623
2024-06-03 00:00:00-03:00,2474.0,2500.0,2425.10009765625,2466.39990234375,1762066,0.0,0.0,-0.0009316842360826971,0.4036128970928114
2024-06-04 00:00:00-03:00,2425.0,2468.0,2310.5,2332.300048828125,1349625,0.0,0.0,-0.054370685543813746,0.45406735671439524
2024-06-05 00:00:00-03:00,2335.0,2353.39990234375,2240.0,2323.949951171875,1941752,0.0,0.0,-0.0035801987229068244,0.4446500402332048
2024-06-06 00:00:00-03:00,2326.0,2333.0,2230.0,2276.5,1717684,0.0,0.0,-0.02041780252106884,0.451540194337464
2024-06-07 00:00:00-03:00,2274.0,2294.0,2248.0,2287.85009765625,1640664,0.0,0.0,0.004985766596200314,0.4221414894088974
2024-06-10 00:00:00-03:00,2288.0,2420.0,2288.0,2408.85009765625,1839295,0.0,0.0,0.05288808044021609,0.43027086871916514
2024-06-11 00:00:00-03:00,2410.0,2410.0,2324.5,2350.800048828125,1759383,0.0,0.0,-0.024098655572053373,0.43010684426816076
2024-06-12 00:00:00-03:00,2350.0,2404.0,2328.050048828125,2353.10009765625,2036965,0.0,0.0,0.000978411085737152,0.41179769623036416
2024-06-13 00:00:00-03:00,2448.0,2448.0,2325.0,2417.75,5138565,0.0,0.0,0.027474352836984295,0.41826953508188197
2024-06-14 00:00:00-03:00,2445.0,2445.0,2368.0,2411.550048828125,2446134,0.0,0.0,-0.0025643475015509898,0.4168989391905419
2024-06-18 00:00:00-03:00,2378.550048828125,2378.550048828125,2299.0,2318.5,2788363,0.0,0.0,-0.03858516180219518,0.410752678050305
2024-06-19 00:00:00-03:00,2317.5,2378.0,2317.5,2371.050048828125,824982,0.0,0.0,0.022665537557957638,0.4135720353282657
2024-06-24 00:00:00-03:00,2330.0,2338.5,2280.0,2330.699951171875,1274619,0.0,0.0,-0.0170178177707353,0.41931130201950273
2024-06-25 00:00:00-03:00,2325.0,2367.050048828125,2315.0,2335.949951171875,987525,0.0,0.0,0.002252542201908181,0.41333794107794736
2024-06-26 00:00:00-03:00,2357.89990234375,2374.35009765625,2311.050048828125,2358.39990234375,1052405,0.0,0.0,0.009610630210896698,0.4140328730788188
2024-06-27 00:00:00-03:00,2364.0,2450.0,2330.0,2447.25,1917647,0.0,0.0,0.0376738896435469,0.41436964749120087
2024-06-28 00:00:00-03:00,2457.0,2477.449951171875,2390.800048828125,2408.75,1794993,0.0,0.0,-0.01573194401879663,0.41404610047635787
2024-07-01 00:00:00-03:00,2425.10009765625,2438.0,2355.949951171875,2424.39990234375,1545602,0.0,0.0,0.006497105280228288,0.4142449072444118
2024-07-02 00:00:00-03:00,2428.89990234375,2499.0,2428.89990234375,2463.85009765625,1296031,0.0,0.0,0.0162721485322459,0.398943476334681
2024-07-03 00:00:00-03:00,2560.0,2633.0,2389.0,2413.14990234375,2506146,0.0,0.0,-0.02057762984879996,0.404311696962124
2024-07-04 00:00:00-03:00,2430.0,2479.0,2415.0,2456.949951171875,688208,0.0,0.0,0.01815057107956064,0.4098828811821118
2024-07-05 00:00:00-03:00,2455.0,2569.0,2455.0,2514.89990234375,1949785,0.0,0.0,0.023586134159645722,0.3631597549948449
2024-07-08 00:00:00-03:00,2560.14990234375,2597.35009765625,2518.0,2572.64990234375,1095164,0.0,0.0,0.022963140579145946,0.36797945206262594
2024-07-10 00:00:00-03:00,2580.0,2630.0,2520.0,2580.0,1939770,0.0,0.0,0.0028570143374555546,0.3554229081835068
2024-07-11 00:00:00-03:00,2585.0,2660.0,2570.0,2650.0,1596649,0.0,0.0,0.027131782945736482,0.36277721327367907
2024-07-12 00:00:00-03:00,2650.0,2705.0,2625.0,2690.0,1319100,0.0,0.0,0.015094339622641506,0.3228366013782278
2024-07-15 00:00:00-03:00,2665.0,2665.0,2350.0,2365.0,3990083,0.0,0.0,-0.120817843866171,0.5464650667966765
2024-07-16 00:00:00-03:00,2365.0,2410.0,2220.0,2375.0,1644153,0.0,0.0,0.0042283298097252064,0.5465933455457278
2024-07-17 00:00:00-03:00,2385.0,2395.0,2295.0,2345.0,1297951,0.0,0.0,-0.012631578947368438,0.5393774035548122
2024-07-18 00:00:00-03:00,2400.0,2430.0,2355.0,2390.0,1208300,0.0,0.0,0.019189765458422103,0.5440198670666128
2024-07-19 00:00:00-03:00,2400.0,2480.0,2400.0,2460.0,1008673,0.0,0.0,0.029288702928870203,0.5331797221136296
2024-07-22 00:00:00-03:00,2420.0,2540.0,2420.0,2485.0,1132195,0.0,0.0,0.010162601626016343,0.5290607393193436
2024-07-23 00:00:00-03:00,2480.0,2585.0,2460.0,2570.0,1338632,0.0,0.0,0.03420523138832987,0.5346861593308035
2024-07-24 00:00:00-03:00,2580.0,2595.0,2505.0,2510.0,911016,0.0,0.0,-0.023346303501945553,0.5443629673591149
2024-07-25 00:00:00-03:00,2510.0,2515.0,2400.0,2415.0,1304675,0.0,0.0,-0.03784860557768921,0.5638149226303091
2024-07-26 00:00:00-03:00,2415.0,2500.0,2400.0,2430.0,418462,0.0,0.0,0.006211180124223503,0.5481190801402335
2024-07-29 00:00:00-03:00,2475.0,2475.0,2325.0,2355.0,658155,0.0,0.0,-0.030864197530864224,0.5565362631342441
2024-07-30 00:00:00-03:00,2355.0,2355.0,2205.0,2230.0,1485012,0.0,0.0,-0.05307855626326963,0.5859829275146798
2024-07-31 00:00:00-03:00,2250.0,2370.0,2240.0,2345.0,76967,0.0,0.0,0.05156950672645744,0.6144745424211263
2024-08-01 00:00:00-03:00,2380.0,2390.0,2305.0,2355.0,854129,0.0,0.0,0.004264392324093924,0.6106818770626286
2024-08-02 00:00:00-03:00,2360.0,2360.0,2260.0,2270.0,853143,0.0,0.0,-0.03609341825902335,0.6190260513815187
2024-08-05 00:00:00-03:00,2100.0,2270.0,2090.0,2265.0,4113540,0.0,0.0,-0.0022026431718061845,0.6109431878671572
2024-08-06 00:00:00-03:00,2270.0,2345.0,2260.0,2310.0,975333,0.0,0.0,0.019867549668874274,0.6091948427781574
2024-08-07 00:00:00-03:00,2340.0,2385.0,2280.0,2340.0,1719845,0.0,0.0,0.01298701298701288,0.6119036154983389
2024-08-08 00:00:00-03:00,2455.0,2575.0,2455.0,2555.0,2005810,0.0,0.0,0.09188034188034178,0.6935059210136053
2024-08-09 00:00:00-03:00,2555.0,2685.0,2545.0,2635.0,2698823,0.0,0.0,0.03131115459882583,0.7008159401064217
2024-08-12 00:00:00-03:00,2640.0,2665.0,2580.0,2650.0,1245490,0.0,0.0,0.005692599620493288,0.5363259321027937
2024-08-13 00:00:00-03:00,2630.0,2700.0,2580.0,2615.0,1854282,0.0,0.0,-0.013207547169811318,0.5407460451819531
2024-08-14 00:00:00-03:00,2590.0,2690.0,2555.0,2605.0,1951720,0.0,0.0,-0.003824091778202643,0.5377531760036031
2024-08-15 00:00:00-03:00,2630.0,2690.0,2620.0,2675.0,1537695,0.0,0.0,0.026871401151631558,0.5409701170597315
2024-08-16 00:00:00-03:00,2675.0,2760.0,2675.0,2700.0,1558030,0.0,0.0,0.009345794392523255,0.5342674152642344
2024-08-19 00:00:00-03:00,2710.0,2740.0,2660.0,2710.0,1408681,0.0,0.0,0.0037037037037037646,0.5339627664374038
2024-08-20 00:00:00-03:00,2730.0,2775.0,2690.0,2720.0,2094977,0.0,0.0,0.0036900369003689537,0.5225947749060608
2024-08-21 00:00:00-03:00,2740.0,2740.0,2640.0,2660.0,770805,0.0,0.0,-0.022058823529411797,0.5217418618932055
2024-08-22 00:00:00-03:00,2660.0,2665.0,2600.0,2615.0,914684,0.0,0.0,-0.016917293233082664,0.5048033021641962
2024-08-23 00:00:00-03:00,2610.0,2685.0,2610.0,2655.0,876769,0.0,0.0,0.015296367112810794,0.506249977203182
2024-08-26 00:00:00-03:00,2690.0,2690.0,2595.0,2630.0,917931,0.0,0.0,-0.00941619585687381,0.49166152818490755
2024-08-27 00:00:00-03:00,2635.0,2685.0,2625.0,2665.0,818415,0.0,0.0,0.013307984790874583,0.43960519844223717
2024-08-28 00:00:00-03:00,2680.0,2715.0,2645.0,2695.0,697520,0.0,0.0,0.011257035647279645,0.41052652475400775
2024-08-29 00:00:00-03:00,2705.0,2790.0,2700.0,2735.0,1228417,0.0,0.0,0.014842300556586308,0.41120983773017233
2024-08-30 00:00:00-03:00,2800.0,2885.0,2800.0,2820.0,1748215,0.0,0.0,0.031078610603290757,0.38432487815323807
2024-09-02 00:00:00-03:00,2835.0,2950.0,2835.0,2905.0,1823859,0.0,0.0,0.03014184397163122,0.38653502167858794
2024-09-03 00:00:00-03:00,2830.0,2930.0,2800.0,2870.0,2221717,0.0,0.0,-0.012048192771084376,0.39528985702057934
2024-09-04 00:00:00-03:00,2885.0,2965.0,2875.0,2940.0,1377156,0.0,0.0,0.024390243902439046,0.39803773539443
2024-09-05 00:00:00-03:00,2960.0,3000.0,2855.0,2890.0,2053425,0.0,0.0,-0.017006802721088454,0.2764544410476346
2024-09-06 00:00:00-03:00,2900.0,2910.0,2770.0,2835.0,1056506,0.0,0.0,-0.01903114186851207,0.2738431955649577
2024-09-09 00:00:00-03:00,2850.0,2900.0,2820.0,2880.0,1027570,0.0,0.0,0.015873015873015817,0.2771382494037703
2024-09-10 00:00:00-03:00,2880.0,2885.0,2800.0,2850.0,1442691,0.0,0.0,-0.01041666666666663,0.2749664871203793
2024-09-11 00:00:00-03:00,2860.0,2980.0,2860.0,2950.0,1482639,0.0,0.0,0.03508771929824572,0.29349633937465736
2024-09-12 00:00:00-03:00,2950.0,3000.0,2905.0,2965.0,1603624,0.0,0.0,0.005084745762711895,0.28335438709132954
2024-09-13 00:00:00-03:00,2960.0,2985.0,2935.0,2970.0,1448019,0.0,0.0,0.001686340640809414,0.28321189662041746
2024-09-16 00:00:00-03:00,2900.0,2995.0,2900.0,2910.0,1552552,0.0,0.0,-0.02020202020202022,0.29696052808441037
2024-09-17 00:00:00-03:00,2910.0,2920.0,2865.0,2905.0,1682322,0.0,0.0,-0.0017182130584192379,0.297590504588574
2024-09-18 00:00:00-03:00,2935.0,2975.0,2865.0,2935.0,1402408,0.0,0.0,0.010327022375215211,0.2825801940813988
2024-09-19 00:00:00-03:00,2995.0,3055.0,2990.0,3035.0,1919509,0.0,0.0,0.03407155025553665,0.28784778106901027
2024-09-20 00:00:00-03:00,3035.0,3055.0,3000.0,3030.0,1148830,0.0,0.0,-0.0016474464579900872,0.2881460346294334
2024-09-23 00:00:00-03:00,3050.0,3055.0,2925.0,2955.0,1055760,0.0,0.0,-0.024752475247524774,0.3042725533365474
2024-09-24 00:00:00-03:00,2985.0,3010.0,2930.0,2955.0,861056,0.0,0.0,0.0,0.30370909971538473
2024-09-25 00:00:00-03:00,2950.0,2990.0,2905.0,2925.0,962038,0.0,0.0,-0.010152284263959421,0.30766925356449637
2024-09-26 00:00:00-03:00,2950.0,2955.0,2850.0,2855.0,1004782,0.0,0.0,-0.023931623931623958,0.3205311363973045
2024-09-27 00:00:00-03:00,2885.0,2975.0,2875.0,2890.0,982085,0.0,0.0,0.012259194395796813,0.30472449139959296
2024-09-30 00:00:00-03:00,2915.0,2980.0,2840.0,2970.0,1155327,0.0,0.0,0.02768166089965396,0.3017575921977312
2024-10-01 00:00:00-03:00,2950.0,3045.0,2950.0,3030.0,1158557,0.0,0.0,0.02020202020202011,0.3045694541145622
2024-10-02 00:00:00-03:00,3000.0,3095.0,2940.0,2955.0,1890249,0.0,0.0,-0.024752475247524774,0.30848787242049586
2024-10-03 00:00:00-03:00,2960.0,3070.0,2955.0,3055.0,902137,0.0,0.0,0.03384094754653133,0.322829643236404
2024-10-04 00:00:00-03:00,3070.0,3105.0,3030.0,3090.0,747944,0.0,0.0,0.011456628477905184,0.3132624196682434
2024-10-07 00:00:00-03:00,3075.0,3090.0,2960.0,2975.0,861321,0.0,0.0,-0.03721682847896435,0.34297275035926594
2024-10-08 00:00:00-03:00,2980.0,3020.0,2955.0,3000.0,778852,0.0,0.0,0.008403361344537785,0.34054604318458787
2024-10-09 00:00:00-03:00,3000.0,3085.0,2935.0,3050.0,1263749,0.0,0.0,0.016666666666666607,0.3232080196170551
2024-10-10 00:00:00-03:00,3070.0,3090.0,3005.0,3015.0,748820,0.0,0.0,-0.011475409836065542,0.32635044250047973
2024-10-14 00:00:00-03:00,3085.0,3095.0,2990.0,3070.0,1228672,0.0,0.0,0.018242122719734688,0.3320289391133222
2024-10-15 00:00:00-03:00,3070.0,3120.0,3020.0,3100.0,1987439,0.0,0.0,0.009771986970684043,0.3225182036565166
2024-10-16 00:00:00-03:00,3085.0,3140.0,3045.0,3055.0,908525,0.0,0.0,-0.014516129032258074,0.3283397023284231
2024-10-17 00:00:00-03:00,3070.0,3245.0,3070.0,3225.0,2873076,0.0,0.0,0.0556464811783961,0.3779227954979944
2024-10-18 00:00:00-03:00,3250.0,3265.0,3175.0,3250.0,982453,0.0,0.0,0.007751937984496138,0.3622847242687465
2024-10-21 00:00:00-03:00,3280.0,3290.0,3220.0,3240.0,962767,0.0,0.0,-0.003076923076923088,0.36259860418190487
2024-10-22 00:00:00-03:00,3245.0,3290.0,3210.0,3230.0,730359,0.0,0.0,-0.0030864197530864335,0.3479888756880743
2024-10-23 00:00:00-03:00,3260.0,3260.0,3115.0,3165.0,823866,0.0,0.0,-0.020123839009287936,0.35874805889628547
2024-10-24 00:00:00-03:00,3175.0,3240.0,3140.0,3235.0,846781,0.0,0.0,0.02211690363349139,0.36052842087711684
2024-10-25 00:00:00-03:00,3250.0,3265.0,3185.0,3200.0,1365202,0.0,0.0,-0.010819165378670781,0.3492593267276653
2024-10-28 00:00:00-03:00,3190.0,3235.0,3075.0,3120.0,1783825,0.0,0.0,-0.025000000000000022,0.36501638551117765
2024-10-29 00:00:00-03:00,3155.0,3155.0,3070.0,3080.0,1577077,0.0,0.0,-0.012820512820512775,0.3585462745039242
2024-10-30 00:00:00-03:00,3100.0,3140.0,3080.0,3105.0,1108958,0.0,0.0,0.008116883116883189,0.35295890242335526
2024-10-31 00:00:00-03:00,3110.0,3135.0,3050.0,3105.0,1180548,0.0,0.0,0.0,0.33925114526408917
2024-11-01 00:00:00-03:00,3145.0,3175.0,3085.0,3125.0,998971,0.0,0.0,0.006441223832528209,0.31923760483198627
2024-11-04 00:00:00-03:00,3120.0,3160.0,3105.0,3135.0,1306753,0.0,0.0,0.0032000000000000917,0.3170999460717784
2024-11-05 00:00:00-03:00,3135.0,3220.0,3120.0,3210.0,1517920,0.0,0.0,0.02392344497607657,0.29294359713385965
2024-11-06 00:00:00-03:00,3285.0,3295.0,3205.0,3220.0,1352516,0.0,0.0,0.0031152647975076775,0.2924827358352094
2024-11-07 00:00:00-03:00,3250.0,3315.0,3200.0,3250.0,1827236,0.0,0.0,0.009316770186335477,0.2893086355097737
2024-11-08 00:00:00-03:00,3300.0,3330.0,3135.0,3245.0,2010838,0.0,0.0,-0.0015384615384614886,0.2846742663450842
2024-11-11 00:00:00-03:00,3275.0,3305.0,3180.0,3300.0,1224181,0.0,0.0,0.016949152542372836,0.2838420417400013
2024-11-12 00:00:00-03:00,3320.0,3400.0,3230.0,3360.0,1771204,0.0,0.0,0.018181818181818077,0.2877442049624187
2024-11-13 00:00:00-03:00,3360.0,3465.0,3340.0,3435.0,2029485,0.0,0.0,0.022321428571428603,0.28568703831735764
2024-11-14 00:00:00-03:00,3480.0,3500.0,3415.0,3475.0,2140584,0.0,0.0,0.011644832605531397,0.21931941863094048
2024-11-15 00:00:00-03:00,3480.0,3600.0,3395.0,3415.0,3048988,0.0,0.0,-0.01726618705035976,0.23105228049837967
2024-11-19 00:00:00-03:00,3590.0,3650.0,3520.0,3560.0,2362209,0.0,0.0,0.04245973645680823,0.2695913134651278
2024-11-20 00:00:00-03:00,3580.0,3650.0,3525.0,3625.0,1855776,0.0,0.0,0.018258426966292207,0.2718873000076616
2024-11-21 00:00:00-03:00,3625.0,3715.0,3610.0,3660.0,1626961,0.0,0.0,0.009655172413793212,0.2540087372366218
2024-11-22 00:00:00-03:00,3645.0,3780.0,3575.0,3730.0,1925691,0.0,0.0,0.0191256830601092,0.25192551682898523
2024-11-25 00:00:00-03:00,3780.0,3870.0,3610.0,3710.0,2729796,0.0,0.0,-0.00536193029490617,0.24743502488147212
2024-11-26 00:00:00-03:00,3770.0,3780.0,3550.0,3730.0,1529755,0.0,0.0,0.005390835579514919,0.21594503068670154
2024-11-27 00:00:00-03:00,3800.0,3800.0,3670.0,3730.0,1221608,0.0,0.0,0.0,0.2031344027928016
2024-11-28 00:00:00-03:00,3750.0,3790.0,3665.0,3775.0,609836,0.0,0.0,0.012064343163538771,0.20321047893534758
2024-11-29 00:00:00-03:00,3800.0,3900.0,3735.0,3855.0,1195659,0.0,0.0,0.02119205298013238,0.20344844785161545
2024-12-02 00:00:00-03:00,3930.0,3930.0,3755.0,3880.0,2705513,0.0,0.0,0.006485084306095956,0.20343560436720223
2024-12-03 00:00:00-03:00,3895.0,3970.0,3820.0,3890.0,2079813,0.0,0.0,0.002577319587628857,0.20376220829824881
2024-12-04 00:00:00-03:00,3890.0,3930.0,3720.0,3770.0,2062353,0.0,0.0,-0.03084832904884316,0.24583050946893573
2024-12-05 00:00:00-03:00,3770.0,3895.0,3615.0,3740.0,2528516,0.0,0.0,-0.007957559681697646,0.251926417899421
2024-12-06 00:00:00-03:00,3750.0,3850.0,3610.0,3730.0,1440830,0.0,0.0,-0.002673796791443861,0.2544459928276317
2024-12-09 00:00:00-03:00,3730.0,3835.0,3710.0,3770.0,1252159,0.0,0.0,0.01072386058981234,0.2526841647662485
2024-12-10 00:00:00-03:00,3800.0,3835.0,3680.0,3715.0,1328052,0.0,0.0,-0.01458885941644561,0.2619141302162125
2024-12-11 00:00:00-03:00,3720.0,3895.0,3695.0,3870.0,2150148,0.0,0.0,0.04172274562584111,0.2883494335860755
2024-12-12 00:00:00-03:00,3900.0,3965.0,3800.0,3820.0,3241387,0.0,0.0,-0.012919896640826822,0.2910349729486949
2024-12-13 00:00:00-03:00,3820.0,3965.0,3800.0,3890.0,2479628,0.0,0.0,0.018324607329842868,0.29386249380731844
2024-12-16 00:00:00-03:00,3895.0,4120.0,3895.0,4110.0,2869404,0.0,0.0,0.05655526992287907,0.3313852447288925
2024-12-17 00:00:00-03:00,4120.0,4200.0,4075.0,4175.0,2377675,0.0,0.0,0.015815085158150888,0.30898623432591726
2024-12-18 00:00:00-03:00,4260.0,4320.0,4050.0,4070.0,2355601,0.0,0.0,-0.025149700598802394,0.3280333957038968
2024-12-19 00:00:00-03:00,4080.0,4170.0,3930.0,3950.0,1676943,0.0,0.0,-0.029484029484029506,0.35088394553234764
2024-12-20 00:00:00-03:00,3950.0,4050.0,3690.0,4040.0,1955868,0.0,0.0,0.022784810126582178,0.3532018909088139
2024-12-23 00:00:00-03:00,4070.0,4250.0,3960.0,4065.0,1180886,0.0,0.0,0.006188118811881083,0.35141554929465496
2024-12-24 00:00:00-03:00,4100.0,4155.0,4065.0,4135.0,224222,0.0,0.0,0.017220172201722006,0.35417266346413134
2024-12-26 00:00:00-03:00,4135.0,4275.0,4135.0,4215.0,1293492,0.0,0.0,0.0193470374848852,0.3569067680433813
2024-12-27 00:00:00-03:00,4230.0,4260.0,4110.0,4190.0,1009322,0.0,0.0,-0.005931198102016588,0.3588092477146777
2024-12-30 00:00:00-03:00,4200.0,4220.0,4110.0,4165.0,1002901,0.0,0.0,-0.005966587112171795,0.35596439696397986
2025-01-02 00:00:00-03:00,4170.0,4450.0,4170.0,4385.0,2259748,0.0,0.0,0.05282112845138065,0.39582951774237213
2025-01-03 00:00:00-03:00,4420.0,4510.0,4255.0,4445.0,1930097,0.0,0.0,0.0136830102622576,0.39635925456518484
2025-01-06 00:00:00-03:00,4500.0,4560.0,4400.0,4500.0,1937570,0.0,0.0,0.012373453318335281,0.3704922284040038
2025-01-07 00:00:00-03:00,4515.0,4635.0,4450.0,4555.0,2676185,0.0,0.0,0.012222222222222134,0.3650218066802285
2025-01-08 00:00:00-03:00,4580.0,4580.0,4280.0,4470.0,2866124,0.0,0.0,-0.01866081229418226,0.3766974765221972
2025-01-09 00:00:00-03:00,4555.0,4645.0,4460.0,4575.0,1568067,0.0,0.0,0.02348993288590595,0.38002410645088336
2025-01-10 00:00:00-03:00,4505.0,4630.0,4430.0,4530.0,2266661,0.0,0.0,-0.00983606557377048,0.37630292648925606
2025-01-13 00:00:00-03:00,4550.0,4590.0,4300.0,4305.0,1433648,0.0,0.0,-0.04966887417218546,0.4129129160473273
2025-01-14 00:00:00-03:00,4315.0,4490.0,4315.0,4465.0,1906781,0.0,0.0,0.03716608594657367,0.42121230947995525
2025-01-15 00:00:00-03:00,4550.0,4580.0,4345.0,4420.0,1609267,0.0,0.0,-0.01007838745800671,0.42418138804903305
2025-01-16 00:00:00-03:00,4420.0,4460.0,4265.0,4290.0,1257453,0.0,0.0,-0.02941176470588236,0.39932465545818024
2025-01-17 00:00:00-03:00,4290.0,4325.0,4060.0,4080.0,2343509,0.0,0.0,-0.04895104895104896,0.43513782738348206
2025-01-20 00:00:00-03:00,4090.0,4185.0,4005.0,4045.0,888929,0.0,0.0,-0.008578431372548989,0.42672942481774123
2025-01-21 00:00:00-03:00,4100.0,4225.0,4040.0,4210.0,1806432,0.0,0.0,0.040791100123609425,0.4350792924489381
2025-01-22 00:00:00-03:00,4210.0,4300.0,4165.0,4235.0,969983,0.0,0.0,0.005938242280284944,0.42927199147471806
2025-01-23 00:00:00-03:00,4235.0,4245.0,4140.0,4175.0,916191,0.0,0.0,-0.01416765053128688,0.4331467833025168
2025-01-24 00:00:00-03:00,4075.0,4195.0,3865.0,4040.0,2106129,0.0,0.0,-0.03233532934131733,0.4451335332028765
2025-01-27 00:00:00-03:00,4030.0,4030.0,3780.0,3885.0,704607,0.0,0.0,-0.0383663366336634,0.4574796536525949
