especie,fecha,apertura,maximo,minimo,cierre,volumen,timestamp
AE38,2022-01-03,7301.0,7380.0,7301.0,7355.0,213143,1641178800
AE38,2022-01-04,7345.0,7345.0,7245.0,7294.0,518487,1641265200
AE38,2022-01-05,7230.0,7299.5,7210.0,7290.0,648362,1641351600
AE38,2022-01-06,7100.0,7199.0,7050.0,7065.0,585065,1641438000
AE38,2022-01-07,7050.0,7050.0,6956.0,6965.0,920473,1641524400
AE38,2022-01-10,6875.0,6950.0,6800.0,6950.0,1033766,1641783600
AE38,2022-01-11,7000.0,7010.0,6875.0,6907.0,468340,1641870000
AE38,2022-01-12,6915.0,6915.0,6750.0,6830.0,1380425,1641956400
AE38,2022-01-13,6781.0,6828.0,6680.0,6700.0,917773,1642042800
AE38,2022-01-14,6690.0,6724.0,6640.0,6670.0,1946803,1642129200
AE38,2022-01-17,6700.0,6720.0,6600.0,6720.0,1145231,1642388400
AE38,2022-01-18,6700.0,6725.0,6600.0,6638.0,2230305,1642474800
AE38,2022-01-19,6626.0,6740.0,6626.0,6740.0,1139100,1642561200
AE38,2022-01-20,6730.0,6900.0,6730.0,6805.5,894108,1642647600
AE38,2022-01-21,6900.0,6900.0,6830.0,6850.0,1568116,1642734000
AE38,2022-01-24,6870.0,6870.0,6748.0,6820.0,455314,1642993200
AE38,2022-01-25,6890.0,6890.0,6790.0,6880.0,696997,1643079600
AE38,2022-01-26,6976.0,7214.0,6950.0,7150.0,288043,1643166000
AE38,2022-01-27,7100.0,7200.0,7015.0,7193.0,589264,1643252400
AE38,2022-01-28,7490.0,7700.0,7375.0,7700.0,911257,1643338800
AE38,2022-01-31,7807.0,7930.0,7680.0,7680.0,1136616,1643598000
AE38,2022-02-01,7680.0,7774.5,7460.0,7500.0,1153087,1643684400
AE38,2022-02-02,7500.0,7680.0,7490.0,7523.0,1771999,1643770800
AE38,2022-02-03,7518.0,7550.0,7320.0,7320.0,575641,1643857200
AE38,2022-02-04,7320.0,7348.5,7150.0,7170.0,1533004,1643943600
AE38,2022-02-07,7150.0,7175.0,7110.0,7145.0,307100,1644202800
AE38,2022-02-08,7150.0,7199.0,7057.0,7130.0,349419,1644289200
AE38,2022-02-09,7200.0,7200.0,7050.0,7105.0,741377,1644375600
AE38,2022-02-10,7195.0,7195.0,7000.0,7075.0,1235795,1644462000
AE38,2022-02-11,7030.0,7250.0,7030.0,7060.0,1362534,1644548400
AE38,2022-02-14,7060.0,7060.0,6965.0,7020.0,246410,1644807600
AE38,2022-02-15,7060.0,7100.0,7014.0,7060.0,1219505,1644894000
AE38,2022-02-16,7100.0,7222.0,7050.0,7155.0,913177,1644980400
AE38,2022-02-17,7170.0,7200.0,7075.5,7090.0,719207,1645066800
AE38,2022-02-18,7150.0,7230.0,7075.0,7230.0,1855853,1645153200
AE38,2022-02-21,7130.0,7350.0,7130.0,7327.5,1430938,1645412400
AE38,2022-02-22,7300.0,7300.0,7100.0,7180.0,704174,1645498800
AE38,2022-02-23,7112.0,7126.0,7040.0,7099.0,630654,1645585200
AE38,2022-02-24,7000.0,7025.0,6940.0,6999.5,1416666,1645671600
AE38,2022-02-25,7100.0,7100.0,6800.0,6869.0,602705,1645758000
AE38,2022-03-02,6800.0,6840.0,6690.0,6705.0,605489,1646190000
AE38,2022-03-03,6700.0,6879.5,6600.0,6750.0,1451322,1646276400
AE38,2022-03-04,6750.0,6800.0,6535.0,6550.0,748104,1646362800
AE38,2022-03-07,6500.0,6550.0,6350.0,6350.0,1112382,1646622000
AE38,2022-03-08,6350.5,6445.0,6215.0,6280.0,2075487,1646708400
AE38,2022-03-09,6270.0,6399.0,6255.0,6374.0,2904836,1646794800
AE38,2022-03-10,6390.0,6530.0,6390.0,6489.0,3839178,1646881200
AE38,2022-03-11,6524.5,6580.0,6420.0,6470.0,1374909,1646967600
AE38,2022-03-14,6544.0,6544.0,6300.0,6329.5,2219919,1647226800
AE38,2022-03-15,6330.0,6330.0,6265.0,6320.0,2717624,1647313200
AE38,2022-03-16,6303.0,6549.5,6303.0,6525.0,4701034,1647399600
AE38,2022-03-17,6575.0,6579.5,6500.0,6550.0,1284373,1647486000
AE38,2022-03-18,6575.0,6600.0,6525.0,6555.0,472089,1647572400
AE38,2022-03-21,6500.0,6690.0,6450.5,6620.0,724704,1647831600
AE38,2022-03-22,6552.0,6685.0,6525.0,6599.0,643301,1647918000
AE38,2022-03-23,6637.5,6637.5,6525.0,6525.0,1213238,1648004400
AE38,2022-03-25,6550.0,6670.0,6550.0,6670.0,579387,1648177200
AE38,2022-03-28,6700.0,6770.0,6600.0,6705.0,985370,1648436400
AE38,2022-03-29,6790.0,6798.0,6560.0,6615.0,2048158,1648522800
AE38,2022-03-30,6699.0,6699.0,6550.0,6650.0,1698186,1648609200
AE38,2022-03-31,6650.0,6698.0,6575.0,6625.0,1779512,1648695600
AE38,2022-04-01,6689.0,6689.0,6550.0,6620.0,711026,1648782000
AE38,2022-04-04,6698.0,6734.5,6600.0,6715.0,1685510,1649041200
AE38,2022-04-05,6779.0,6779.0,6513.0,6550.0,1085284,1649127600
AE38,2022-04-06,6575.0,6575.0,6450.0,6520.0,783461,1649214000
AE38,2022-04-07,6601.0,6610.0,6422.5,6511.0,1575721,1649300400
AE38,2022-04-08,6580.0,6580.0,6400.0,6440.0,514265,1649386800
AE38,2022-04-11,6475.0,6475.0,6400.0,6419.5,439191,1649646000
AE38,2022-04-12,6495.0,6495.0,6400.0,6410.0,677672,1649732400
AE38,2022-04-13,6450.0,6470.0,6400.0,6450.0,2228176,1649818800
AE38,2022-04-18,6520.0,6520.0,6360.0,6510.0,542747,1650250800
AE38,2022-04-19,6420.0,6526.0,6420.0,6526.0,1544148,1650337200
AE38,2022-04-20,6514.0,6670.0,6501.5,6670.0,629084,1650423600
AE38,2022-04-21,6715.0,6850.0,6650.0,6849.0,707671,1650510000
AE38,2022-04-22,6858.0,6900.0,6750.0,6864.0,657715,1650596400
AE38,2022-04-25,6900.0,6965.0,6799.0,6965.0,2401967,1650855600
AE38,2022-04-26,6990.0,7073.0,6800.0,7067.0,2498895,1650942000
AE38,2022-04-27,7139.0,7139.0,6920.5,6923.0,1320001,1651028400
AE38,2022-04-28,6999.0,6999.0,6750.0,6798.5,1386948,1651114800
AE38,2022-04-29,6800.0,6858.0,6675.0,6830.0,2068271,1651201200
AE38,2022-05-02,6800.0,6950.0,6720.0,6950.0,1289763,1651460400
AE38,2022-05-03,6960.0,7000.0,6860.0,6880.0,1097528,1651546800
AE38,2022-05-04,6880.0,6899.5,6797.0,6870.0,2401391,1651633200
AE38,2022-05-05,6810.0,6874.5,6785.0,6830.0,1390392,1651719600
AE38,2022-05-06,6829.5,6830.0,6729.5,6788.0,2807133,1651806000
AE38,2022-05-09,6788.0,6810.0,6710.0,6725.0,1691673,1652065200
AE38,2022-05-10,6700.0,6749.5,6665.5,6720.0,686908,1652151600
AE38,2022-05-11,6719.5,6839.5,6633.5,6700.0,821618,1652238000
AE38,2022-05-12,6720.0,6730.0,6640.0,6664.0,2388830,1652324400
AE38,2022-05-13,6725.0,6725.0,6630.0,6694.0,883011,1652410800
AE38,2022-05-16,6724.5,6724.5,6630.0,6678.0,765668,1652670000
AE38,2022-05-17,6693.5,6700.0,6561.0,6609.5,792215,1652756400
AE38,2022-05-19,6600.0,6650.0,6500.5,6650.0,842169,1652929200
AE38,2022-05-20,6700.0,6700.0,6460.0,6535.0,3509987,1653015600
AE38,2022-05-23,6536.0,6635.0,6460.0,6635.0,326051,1653274800
AE38,2022-05-24,6575.5,6634.0,6552.0,6625.0,7457785,1653361200
AE38,2022-05-26,6700.0,6715.0,6635.0,6713.0,1237201,1653534000
AE38,2022-05-27,6713.0,6740.0,6630.5,6725.0,607397,1653620400
AE38,2022-05-30,6725.0,6850.0,6650.0,6818.0,3063813,1653879600
AE38,2022-05-31,6900.0,6900.0,6666.5,6700.0,2066885,1653966000
AE38,2022-06-01,6775.0,6775.0,6670.0,6692.0,426074,1654052400
AE38,2022-06-02,6700.0,6750.0,6692.0,6730.0,1763938,1654138800
AE38,2022-06-03,6750.0,6775.0,6640.0,6690.0,357466,1654225200
AE38,2022-06-06,6725.0,6734.5,6680.0,6715.0,544973,1654484400
AE38,2022-06-07,6738.0,6738.0,6610.0,6630.0,961066,1654570800
AE38,2022-06-08,6698.5,6698.5,6377.5,6470.0,1317472,1654657200
AE38,2022-06-09,6468.0,6524.5,6320.0,6430.0,1983602,1654743600
AE38,2022-06-10,6450.0,6550.0,6360.5,6550.0,2467032,1654830000
AE38,2022-06-13,6530.0,6590.0,6400.0,6520.0,1566693,1655089200
AE38,2022-06-14,6575.0,6590.0,6475.0,6590.0,1436877,1655175600
AE38,2022-06-15,6685.0,6794.0,6525.0,6794.0,552765,1655262000
AE38,2022-06-16,6690.0,6690.0,6610.0,6640.0,1282959,1655348400
AE38,2022-06-21,6600.0,6649.0,6500.0,6577.0,2330040,1655780400
AE38,2022-06-22,6500.0,6589.5,6425.0,6430.0,1755610,1655866800
AE38,2022-06-23,6500.0,6500.0,6360.0,6399.0,1623684,1655953200
AE38,2022-06-24,6400.0,6450.0,6180.0,6265.0,1232224,1656039600
AE38,2022-06-27,6300.0,6374.0,6150.0,6250.0,1569962,1656298800
AE38,2022-06-28,6300.0,6490.0,6240.0,6479.5,3712862,1656385200
AE38,2022-06-29,6410.0,6749.0,6375.0,6735.0,2407703,1656471600
AE38,2022-06-30,6500.0,6950.0,6500.0,6790.0,2346518,1656558000
AE38,2022-07-01,6790.0,6998.0,6790.0,6950.0,3404296,1656644400
AE38,2022-07-04,6770.0,7050.0,6700.0,7030.0,1760839,1656903600
AE38,2022-07-05,7030.0,7050.0,6540.0,6620.0,3273735,1656990000
AE38,2022-07-06,6700.0,6768.0,6500.5,6640.0,3970212,1657076400
AE38,2022-07-07,6555.0,6799.5,6555.0,6765.0,2609827,1657162800
AE38,2022-07-08,6850.0,6850.0,6580.0,6814.5,2792091,1657249200
AE38,2022-07-11,6801.0,6801.0,6660.5,6700.0,1559222,1657508400
AE38,2022-07-12,6759.5,6759.5,6451.0,6475.0,2338734,1657594800
AE38,2022-07-13,6476.0,6480.0,6320.0,6445.0,1582242,1657681200
AE38,2022-07-14,6569.5,6599.5,6480.0,6520.0,679556,1657767600
AE38,2022-07-15,6520.0,6605.0,6500.0,6600.0,1759318,1657854000
AE38,2022-07-18,6552.0,6674.5,6552.0,6673.5,642470,1658113200
AE38,2022-07-19,6600.0,6815.0,6550.0,6800.0,1352021,1658199600
AE38,2022-07-20,6790.0,6980.0,6790.0,6980.0,906580,1658286000
AE38,2022-07-21,6950.0,7300.0,6900.0,7285.0,914399,1658372400
AE38,2022-07-22,7285.0,7350.0,6981.0,7019.0,556689,1658458800
AE38,2022-07-25,7098.0,7168.0,6998.0,7140.0,452341,1658718000
AE38,2022-07-26,7141.0,7499.0,7098.0,7439.0,1150333,1658804400
AE38,2022-07-27,7301.5,7892.0,7301.5,7852.0,748502,1658890800
AE38,2022-07-28,7900.0,8300.0,7600.5,8040.0,1962124,1658977200
AE38,2022-07-29,8190.0,8348.0,7600.5,7790.0,2317402,1659063600
AE38,2022-08-01,7701.0,7900.0,7550.0,7570.0,2240256,1659322800
AE38,2022-08-02,7630.0,7630.0,7371.5,7590.0,1710977,1659409200
AE38,2022-08-03,7630.0,7723.5,7410.0,7470.0,1917229,1659495600
AE38,2022-08-04,7640.0,7640.0,7365.5,7500.0,646308,1659582000
AE38,2022-08-05,7500.0,7589.5,7310.0,7500.0,1567742,1659668400
AE38,2022-08-08,7579.5,7600.0,7420.0,7550.0,402638,1659927600
AE38,2022-08-09,7645.0,7645.0,7350.0,7350.0,588403,1660014000
AE38,2022-08-10,7350.0,7560.0,7300.0,7340.0,609399,1660100400
AE38,2022-08-11,7339.0,7547.5,7300.0,7300.0,2115817,1660186800
AE38,2022-08-12,7301.0,7310.0,7151.0,7250.0,587254,1660273200
AE38,2022-08-16,7300.0,7375.0,7000.0,7269.0,3610225,1660618800
AE38,2022-08-17,7154.0,7264.5,7154.0,7240.0,1425635,1660705200
AE38,2022-08-18,7155.0,7360.0,7155.0,7345.0,4551894,1660791600
AE38,2022-08-19,7154.0,7420.0,7154.0,7420.0,1163898,1660878000
AE38,2022-08-22,7469.5,7470.0,7360.0,7460.0,1313215,1661137200
AE38,2022-08-23,7460.0,7750.0,7425.0,7640.0,696933,1661223600
AE38,2022-08-24,7641.0,7998.0,7641.0,7900.0,2533380,1661310000
AE38,2022-08-25,7948.0,8090.0,7800.0,7845.0,2797236,1661396400
AE38,2022-08-26,7800.0,7969.0,7501.0,7725.0,2413830,1661482800
AE38,2022-08-29,7551.0,7750.0,7500.0,7525.0,1771224,1661742000
AE38,2022-08-30,7455.0,7625.0,7360.5,7583.0,1221466,1661828400
AE38,2022-08-31,7650.0,7669.0,7500.0,7599.5,2253240,1661914800
AE38,2022-09-01,7536.0,7700.0,7410.5,7540.0,762548,1662001200
AE38,2022-09-05,7550.0,7630.0,7420.0,7630.0,2101008,1662346800
AE38,2022-09-06,7574.5,7574.5,7300.0,7375.0,2071471,1662433200
AE38,2022-09-07,7300.0,7539.0,7300.0,7414.5,825274,1662519600
AE38,2022-09-08,7385.0,7480.0,7385.0,7452.0,1485908,1662606000
AE38,2022-09-09,7460.0,7550.0,7350.0,7450.0,2195316,1662692400
AE38,2022-09-12,7401.0,7590.0,7401.0,7490.0,2491391,1662951600
AE38,2022-09-13,7410.0,7550.0,7315.0,7333.5,2481957,1663038000
AE38,2022-09-14,7300.0,7420.0,7265.0,7330.0,1072652,1663124400
AE38,2022-09-15,7330.0,7588.0,7265.0,7550.0,2321899,1663210800
AE38,2022-09-16,7556.0,7694.0,7500.5,7580.0,1114878,1663297200
AE38,2022-09-19,7600.0,7818.0,7550.0,7789.0,1472745,1663556400
AE38,2022-09-20,7789.0,7880.0,7590.0,7734.0,711673,1663642800
AE38,2022-09-21,7740.0,7825.0,7600.0,7795.0,1415387,1663729200
AE38,2022-09-22,7655.0,7900.0,7655.0,7847.0,1171139,1663815600
AE38,2022-09-23,7800.0,7848.0,7329.0,7615.0,185674,1663902000
AE38,2022-09-26,7616.0,7650.0,7215.5,7275.0,1229362,1664161200
AE38,2022-09-27,7348.0,7348.0,6860.0,6860.0,3946095,1664247600
AE38,2022-09-28,6890.0,7250.0,6825.0,7230.0,1996918,1664334000
AE38,2022-09-29,7230.0,7245.0,7000.0,7080.0,2062351,1664420400
AE38,2022-09-30,7060.0,7080.0,6930.0,6950.0,735767,1664506800
AE38,2022-10-03,6995.0,7400.0,6995.0,7340.0,3213070,1664766000
AE38,2022-10-04,7414.0,7550.0,7285.0,7286.0,5052861,1664852400
AE38,2022-10-05,7300.0,7349.0,6900.0,7100.0,2716829,1664938800
AE38,2022-10-06,7074.0,7171.0,6960.0,6960.0,2132318,1665025200
AE38,2022-10-11,6947.0,6980.0,6650.5,6850.0,3162090,1665457200
AE38,2022-10-12,6850.0,7150.0,6794.5,6875.0,4138202,1665543600
AE38,2022-10-13,6944.0,7045.0,6810.0,7020.0,2087509,1665630000
AE38,2022-10-14,7056.0,7104.0,6848.0,6858.0,1372663,1665716400
AE38,2022-10-17,6901.0,6971.0,6757.5,6860.0,1333893,1665975600
AE38,2022-10-18,6880.0,6919.0,6797.0,6810.0,697498,1666062000
AE38,2022-10-19,6799.5,6800.0,6650.0,6745.0,3549093,1666148400
AE38,2022-10-20,6677.0,6995.0,6677.0,6800.0,725876,1666234800
AE38,2022-10-21,6800.0,6990.0,6776.0,6990.0,1692434,1666321200
AE38,2022-10-24,6997.0,7390.0,6775.0,7390.0,1440011,1666580400
AE38,2022-10-25,7459.0,7800.0,7425.0,7588.0,3373232,1666666800
AE38,2022-10-26,7588.0,7588.0,7450.0,7458.0,2506398,1666753200
AE38,2022-10-27,7458.0,7588.0,7350.0,7410.0,1535646,1666839600
AE38,2022-10-28,7380.0,7599.0,7380.0,7485.0,2911616,1666926000
AE38,2022-10-31,7455.0,7550.0,7380.0,7444.5,1444729,1667185200
AE38,2022-11-01,7609.0,7650.0,7475.0,7620.0,1632276,1667271600
AE38,2022-11-02,7620.0,7675.0,7500.0,7539.0,3562702,1667358000
AE38,2022-11-03,7550.0,7670.0,7430.0,7600.0,1533202,1667444400
AE38,2022-11-04,7550.5,7769.0,7550.5,7575.0,2170364,1667530800
AE38,2022-11-07,7600.0,7750.0,7600.0,7735.0,1891295,1667790000
AE38,2022-11-08,7735.0,7985.0,7675.0,7900.0,3461470,1667876400
AE38,2022-11-09,7950.0,7950.0,7750.0,7850.0,1455190,1667962800
AE38,2022-11-10,7980.0,8150.0,7850.0,8100.0,1797535,1668049200
AE38,2022-11-11,8100.0,8219.5,8000.0,8180.0,1599181,1668135600
AE38,2022-11-14,8280.0,8374.5,8091.0,8375.0,2753505,1668394800
AE38,2022-11-15,8440.0,8775.0,8390.0,8754.0,4233736,1668481200
AE38,2022-11-16,8791.0,9200.0,8760.0,8928.0,3234206,1668567600
AE38,2022-11-17,9000.0,9050.0,8750.0,9001.0,872958,1668654000
AE38,2022-11-18,9000.0,9170.0,8753.0,8798.0,834544,1668740400
AE38,2022-11-22,8900.0,9169.0,8700.0,9030.0,1889610,1669086000
AE38,2022-11-23,9000.0,9138.0,8892.0,9050.0,596049,1669172400
AE38,2022-11-24,9050.0,9299.5,8900.0,9270.0,1611269,1669258800
AE38,2022-11-25,9350.0,9450.0,9080.0,9324.5,1468624,1669345200
AE38,2022-11-28,9100.0,9250.0,8990.0,9040.0,9466090,1669604400
AE38,2022-11-29,9100.0,9300.0,8900.0,9200.0,1991692,1669690800
AE38,2022-11-30,9270.0,9500.0,9210.0,9449.5,3098235,1669777200
AE38,2022-12-01,9449.5,9752.0,9449.5,9650.0,280707,1669863600
AE38,2022-12-02,9700.0,9849.5,9625.0,9750.0,1796530,1669950000
AE38,2022-12-05,9700.0,9900.0,9560.0,9561.0,1982090,1670209200
AE38,2022-12-06,9799.0,9800.0,9446.0,9651.0,488959,1670295600
AE38,2022-12-07,9560.0,9980.0,9560.0,9900.0,4180286,1670382000
AE38,2022-12-12,9900.0,10244.5,9781.0,9880.0,897408,1670814000
AE38,2022-12-13,9880.0,10189.5,9880.0,10100.0,1051397,1670900400
AE38,2022-12-14,10200.0,10200.0,9880.0,10000.0,873188,1670986800
AE38,2022-12-15,10000.0,10229.5,10000.0,10170.0,786954,1671073200
AE38,2022-12-16,10170.0,10550.0,10060.0,10450.0,1643369,1671159600
AE38,2022-12-19,10600.0,11100.0,10400.0,10730.0,1115673,1671418800
AE38,2022-12-20,10750.0,10950.0,10730.0,10900.0,289932,1671505200
AE38,2022-12-21,10900.0,11300.0,10800.0,11150.0,1573418,1671591600
AE38,2022-12-22,11050.0,11199.0,10985.0,10850.0,2620098,1671678000
AE38,2022-12-23,11000.0,11169.5,10600.0,11150.0,1334794,1671764400
AE38,2022-12-26,11179.0,11487.0,11150.0,11198.5,868019,1672023600
AE38,2022-12-27,11198.5,11394.0,11000.0,11394.0,2810663,1672110000
AE38,2022-12-28,11395.0,11535.0,11300.0,11385.0,1824285,1672196400
AE38,2022-12-29,11385.0,11535.0,11150.0,11200.0,1388778,1672282800
AE38,2022-12-30,11180.0,11650.0,10800.0,11639.0,2891528,1672369200
AE38,2023-01-02,11598.0,11900.0,11460.5,11515.0,2458662,1672628400
AE38,2023-01-03,11401.0,11783.5,11350.0,11440.0,1796829,1672714800
AE38,2023-01-04,11440.0,11700.0,11440.0,11600.0,1420404,1672801200
AE38,2023-01-05,11200.0,11220.0,10502.0,10735.0,1059796,1672887600
AE38,2023-01-06,10702.0,10800.0,10510.0,10537.0,1772666,1672974000
AE38,2023-01-09,10331.0,10698.5,10331.0,10515.0,2625065,1673233200
AE38,2023-01-10,10511.0,10700.0,10451.0,10550.0,1443766,1673319600
AE38,2023-01-11,10545.0,10950.0,10545.0,10940.0,2380885,1673406000
AE38,2023-01-12,11045.0,11190.0,10800.0,11190.0,6072237,1673492400
AE38,2023-01-13,11190.0,11350.0,10940.0,11295.0,3177381,1673578800
AE38,2023-01-16,11170.5,11580.0,11170.5,11549.0,1471809,1673838000
AE38,2023-01-17,11550.0,11950.0,11520.0,11800.0,4353725,1673924400
AE38,2023-01-18,12999.0,12999.0,11700.0,11860.0,2645363,1674010800
AE38,2023-01-19,11860.0,11999.0,11370.0,11400.0,902525,1674097200
AE38,2023-01-20,11595.5,11800.0,11301.0,11800.0,1399484,1674183600
AE38,2023-01-23,12000.0,12220.0,11825.0,12024.5,1504697,1674442800
AE38,2023-01-24,12025.0,12150.0,12000.0,12055.0,3449581,1674529200
AE38,2023-01-25,12070.0,12199.5,11925.0,12094.0,5259911,1674615600
AE38,2023-01-26,12094.0,12150.0,11981.0,12075.0,1411866,1674702000
AE38,2023-01-27,12195.0,12450.0,12001.0,12350.0,3321249,1674788400
AE38,2023-01-30,12460.0,12530.0,12297.0,12350.0,2507209,1675047600
AE38,2023-01-31,12400.0,12473.0,12111.0,12250.0,1222423,1675134000
AE38,2023-02-01,12250.0,12390.0,12018.0,12300.0,1530195,1675220400
AE38,2023-02-02,12210.0,12500.0,12210.0,12430.0,2401936,1675306800
AE38,2023-02-03,12430.0,12579.0,12120.0,12180.0,536471,1675393200
AE38,2023-02-06,12000.0,12140.0,11601.5,11755.0,807692,1675652400
AE38,2023-02-07,11742.0,11997.5,11310.0,11790.0,1552021,1675738800
AE38,2023-02-08,11950.0,11950.0,11615.0,11615.0,1206001,1675825200
AE38,2023-02-09,11615.0,11894.5,11600.0,11675.0,3034034,1675911600
AE38,2023-02-10,11675.0,11675.0,11400.0,11480.0,396014,1675998000
AE38,2023-02-13,11472.0,11617.5,11400.0,11525.0,1623861,1676257200
AE38,2023-02-14,11600.0,11600.0,11500.0,11529.0,391213,1676343600
AE38,2023-02-15,11520.0,11540.0,11200.0,11290.0,2951893,1676430000
AE38,2023-02-16,11286.0,11500.0,10300.0,10951.0,5535196,1676516400
AE38,2023-02-17,10951.0,11061.0,10480.0,10540.0,8815870,1676602800
AE38,2023-02-22,10539.0,11290.0,10001.0,10998.0,1264075,1677034800
AE38,2023-02-23,11200.0,11545.0,11100.0,11415.0,2104896,1677121200
AE38,2023-02-24,11400.0,11589.0,11170.0,11200.0,1149221,1677207600
AE38,2023-02-27,11282.0,11514.0,11282.0,11375.0,833929,1677466800
AE38,2023-02-28,11500.0,11500.0,11211.0,11387.5,781236,1677553200
AE38,2023-03-01,11500.0,11500.0,10900.0,10969.5,1265837,1677639600
AE38,2023-03-02,11013.0,11013.0,10700.0,10868.0,1412469,1677726000
AE38,2023-03-03,10899.5,11049.5,10800.0,10918.0,1803906,1677812400
AE38,2023-03-06,10991.0,11360.0,10857.0,11296.0,1429365,1678071600
AE38,2023-03-07,11400.0,11400.0,11016.0,11200.0,1381658,1678158000
AE38,2023-03-08,11450.0,11450.0,11100.0,11150.0,2209637,1678244400
AE38,2023-03-09,11150.0,11350.0,11075.0,11220.0,2219507,1678330800
AE38,2023-03-10,11220.0,11388.0,11005.0,11025.0,371466,1678417200
AE38,2023-03-13,10999.0,11262.5,10800.0,10900.0,709395,1678676400
AE38,2023-03-14,10810.0,11099.5,10810.0,10970.0,2580287,1678762800
AE38,2023-03-15,10899.0,10900.0,10555.0,10830.0,1782102,1678849200
AE38,2023-03-16,10800.0,11314.0,10800.0,11250.0,3312935,1678935600
AE38,2023-03-17,11200.0,11545.0,10550.0,11155.0,2031691,1679022000
AE38,2023-03-20,11238.0,11238.0,11000.0,11165.0,535199,1679281200
AE38,2023-03-21,11238.0,11361.0,11125.5,11245.5,705960,1679367600
AE38,2023-03-22,11230.0,11230.0,10458.0,10630.0,4023960,1679454000
AE38,2023-03-23,10800.0,10829.0,10170.0,10170.0,1021901,1679540400
AE38,2023-03-27,10170.0,10170.0,9951.0,9951.0,1190079,1679886000
AE38,2023-03-28,9950.0,10399.0,9900.0,10200.0,648506,1679972400
AE38,2023-03-29,10400.0,11334.0,10300.0,11000.0,3399458,1680058800
AE38,2023-03-30,11009.0,11710.0,11009.0,11540.0,2042921,1680145200
AE38,2023-03-31,11600.0,11780.0,11510.0,11550.0,1322366,1680231600
AE38,2023-04-03,11550.0,11870.0,11460.0,11750.0,925121,1680490800
AE38,2023-04-04,11998.0,11998.0,11648.5,11725.0,589855,1680577200
AE38,2023-04-05,11520.0,11698.0,11300.0,11650.0,574958,1680663600
AE38,2023-04-10,11675.0,11737.5,11400.0,11600.0,1206483,1681095600
AE38,2023-04-11,11601.0,11800.0,11266.0,11375.0,1323851,1681182000
AE38,2023-04-12,11370.0,11689.5,11206.0,11541.0,617676,1681268400
AE38,2023-04-13,11600.0,11690.0,11315.0,11630.0,1303060,1681354800
AE38,2023-04-14,11600.0,11945.0,11300.0,11487.0,879299,1681441200
AE38,2023-04-17,11520.0,11954.0,11350.0,11380.0,1432591,1681700400
AE38,2023-04-18,11380.0,11845.0,11350.0,11560.0,1280316,1681786800
AE38,2023-04-19,11560.0,11600.0,11000.0,10965.0,1500892,1681873200
AE38,2023-04-20,11030.0,11354.5,11030.0,11250.0,1572180,1681959600
AE38,2023-04-21,11200.0,11631.0,11200.0,11535.0,1445755,1682046000
AE38,2023-04-24,11535.0,11890.0,11535.0,11888.0,2418882,1682305200
AE38,2023-04-25,12200.0,12200.0,11710.5,11800.0,1176665,1682391600
AE38,2023-04-26,11849.0,11850.0,11565.0,11750.0,5713837,1682478000
AE38,2023-04-27,11825.0,12010.0,11400.0,11450.0,3009463,1682564400
AE38,2023-04-28,11595.0,11595.0,11050.0,11350.0,2723696,1682650800
AE38,2023-05-02,11351.0,11700.0,11350.0,11675.0,1016358,1682996400
AE38,2023-05-03,11700.0,11850.0,11580.0,11695.0,1535638,1683082800
AE38,2023-05-04,11611.0,11928.5,11250.0,11880.0,1307195,1683169200
AE38,2023-05-05,11952.0,12100.0,11775.0,11950.0,787527,1683255600
AE38,2023-05-08,12080.0,12352.0,11751.0,11945.0,354177,1683514800
AE38,2023-05-09,12250.0,12360.0,11950.0,12299.0,1392547,1683601200
AE38,2023-05-10,12400.0,12600.0,12250.0,12375.0,1029441,1683687600
AE38,2023-05-11,12497.0,12540.0,12275.0,12375.0,1020883,1683774000
AE38,2023-05-12,12400.0,12400.0,12300.5,12394.0,1409075,1683860400
AE38,2023-05-15,12500.0,12699.0,12350.0,12595.0,2287037,1684119600
AE38,2023-05-16,12700.0,12900.0,12520.0,12800.0,1100773,1684206000
AE38,2023-05-17,13000.0,13000.0,12756.0,12800.0,1675380,1684292400
AE38,2023-05-18,12800.0,12999.0,12700.0,12851.0,744434,1684378800
AE38,2023-05-19,12730.0,13199.0,12600.0,12950.0,1586551,1684465200
AE38,2023-05-22,12950.0,13260.0,12800.0,13180.0,3792850,1684724400
AE38,2023-05-23,13174.0,13338.0,13110.0,13200.0,1408340,1684810800
AE38,2023-05-24,13250.0,13370.0,12925.0,12990.0,1378217,1684897200
AE38,2023-05-29,13000.0,13549.0,12820.0,13150.0,1432362,1685329200
AE38,2023-05-30,13390.0,13390.0,13200.0,13219.0,1682571,1685415600
AE38,2023-05-31,13397.5,13397.5,13200.0,13280.0,1564789,1685502000
AE38,2023-06-01,13280.0,13750.0,13280.0,13600.0,1132410,1685588400
AE38,2023-06-02,13850.0,13894.5,13600.0,13790.0,902491,1685674800
AE38,2023-06-05,14010.0,14010.0,13820.0,13920.0,696791,1685934000
AE38,2023-06-06,13850.0,14980.0,13850.0,14775.0,2055307,1686020400
AE38,2023-06-07,14880.0,15317.0,14850.0,15100.0,2583868,1686106800
AE38,2023-06-08,15101.0,15450.0,15000.0,15125.0,1024685,1686193200
AE38,2023-06-09,14980.0,15700.0,14980.0,15025.0,987922,1686279600
AE38,2023-06-12,15020.0,15549.0,15020.0,15400.0,628740,1686538800
AE38,2023-06-13,15410.0,15690.0,15080.0,15119.0,2738163,1686625200
AE38,2023-06-14,15119.0,15350.0,14711.0,14860.0,1827175,1686711600
AE38,2023-06-15,15049.0,15050.0,14900.0,14975.0,1506294,1686798000
AE38,2023-06-16,15049.0,15050.0,14900.0,14925.0,1473896,1686884400
AE38,2023-06-21,15000.0,15800.0,15000.0,15750.0,3219728,1687316400
AE38,2023-06-22,15900.0,16399.0,15800.0,16247.5,3602198,1687402800
AE38,2023-06-23,16439.0,16439.0,16000.0,16200.0,1793003,1687489200
AE38,2023-06-26,16650.0,17000.0,16599.0,16750.0,8466387,1687748400
AE38,2023-06-27,16750.0,16850.0,16450.0,16650.0,963202,1687834800
AE38,2023-06-28,16897.0,17089.0,16701.5,16810.0,4297647,1687921200
AE38,2023-06-29,16950.0,17499.0,16830.5,16900.0,1258216,1688007600
AE38,2023-06-30,17000.0,17489.5,16950.0,17225.0,1504971,1688094000
AE38,2023-07-03,17226.0,18392.5,17226.0,17800.0,2550421,1688353200
AE38,2023-07-04,18300.0,18300.0,17500.0,17899.0,3529620,1688439600
AE38,2023-07-05,18190.0,18190.0,17811.0,17845.0,5068581,1688526000
AE38,2023-07-06,16909.0,16909.0,15680.0,16200.0,1913637,1688612400
AE38,2023-07-07,16200.0,16350.0,15500.0,16000.0,4226771,1688698800
AE38,2023-07-10,16000.0,16375.0,15500.0,16320.0,2056649,1688958000
AE38,2023-07-11,16500.0,16800.0,16400.0,16780.0,2604071,1689044400
AE38,2023-07-12,16780.0,16999.0,16150.0,16480.0,2556444,1689130800
AE38,2023-07-13,16500.0,16708.5,16000.0,16510.0,1430794,1689217200
AE38,2023-07-14,16700.0,16700.0,15910.0,16100.0,2188617,1689303600
AE38,2023-07-17,16150.0,16900.0,16150.0,16380.0,3122466,1689562800
AE38,2023-07-18,16600.0,16600.0,16200.0,16348.0,1585360,1689649200
AE38,2023-07-19,16400.0,16569.5,16150.0,16200.0,1782193,1689735600
AE38,2023-07-20,16500.0,16500.0,15846.5,16255.0,2354948,1689822000
AE38,2023-07-21,16300.0,16799.0,16105.0,16650.0,3661821,1689908400
AE38,2023-07-24,16700.0,17399.5,16700.0,17109.5,1435347,1690167600
AE38,2023-07-25,16919.5,17389.0,16591.0,17101.0,2919978,1690254000
AE38,2023-07-26,17101.0,17393.0,16850.0,17085.0,705490,1690340400
AE38,2023-07-27,17351.0,17351.0,16800.5,17100.0,1476156,1690426800
AE38,2023-07-28,17200.0,17899.5,17200.0,17500.0,2207700,1690513200
AE38,2023-07-31,17929.0,18000.0,17550.0,17750.0,1296610,1690772400
AE38,2023-08-01,18000.0,18150.5,17650.0,18000.0,1615992,1690858800
AE38,2023-08-02,18250.0,18300.0,17910.0,18300.0,1767527,1690945200
AE38,2023-08-03,11450.0,11450.0,11100.0,11150.0,2209637,1691031600
AE38,2023-08-04,18350.0,19385.0,18350.0,19100.0,1780714,1691118000
AE38,2023-08-07,19151.0,19800.0,19100.0,19605.0,3359981,1691377200
AE38,2023-08-08,20000.0,20265.0,19610.0,19740.0,2986022,1691463600
AE38,2023-08-09,20299.0,20299.0,19723.5,19900.0,2948289,1691550000
AE38,2023-08-10,20000.0,20450.0,20000.0,20250.0,2006807,1691636400
AE38,2023-08-11,20260.0,20840.0,20061.0,20500.0,3279672,1691722800
AE38,2023-08-14,21350.0,21450.0,20300.0,21000.0,1330497,1691982000
AE38,2023-08-15,21100.0,21600.0,20750.0,21080.0,2752557,1692068400
AE38,2023-08-16,21205.0,21799.0,21205.0,21680.0,1112864,1692154800
AE38,2023-08-17,21899.0,22800.0,21700.0,22701.0,1503355,1692241200
AE38,2023-08-18,22800.0,24001.0,22800.0,23280.0,1473570,1692327600
AE38,2023-08-22,23280.0,24100.0,23280.0,24030.0,1999385,1692673200
AE38,2023-08-23,24270.0,24998.0,24050.0,24300.0,2042930,1692759600
AE38,2023-08-24,24965.0,24965.0,24100.0,24350.0,1753089,1692846000
AE38,2023-08-25,24830.0,24950.0,24507.0,24860.0,1248316,1692932400
AE38,2023-08-28,24900.0,26199.0,24900.0,25750.0,1882867,1693191600
AE38,2023-08-29,26000.0,26549.5,25750.0,26250.0,2207361,1693278000
AE38,2023-08-30,26300.0,26800.0,25599.0,25699.0,2113020,1693364400
AE38,2023-08-31,25480.0,26199.5,23800.0,25050.0,3008112,1693450800
AE38,2023-09-01,25500.0,25500.0,24100.0,24745.0,871129,1693537200
AE38,2023-09-04,24745.0,25120.0,24305.5,24700.0,823693,1693796400
AE38,2023-09-05,24580.0,24698.5,23000.0,23970.0,1420897,1693882800
AE38,2023-09-06,24100.0,24298.5,22800.0,23630.0,530792,1693969200
AE38,2023-09-07,23000.0,24199.0,23000.0,23499.0,4030244,1694055600
AE38,2023-09-08,23499.0,23750.0,22102.0,22820.0,578205,1694142000
AE38,2023-09-11,22801.0,23289.0,22200.0,22760.0,674751,1694401200
AE38,2023-09-12,22755.0,22946.5,22675.0,22900.0,669421,1694487600
AE38,2023-09-13,22978.0,23548.0,22825.0,23050.0,413649,1694574000
AE38,2023-09-14,23000.0,23548.5,22900.0,23085.0,1404880,1694660400
AE38,2023-09-15,23200.0,23200.0,22860.0,22890.0,409886,1694746800
AE38,2023-09-18,22900.5,23888.5,22411.0,23197.0,1606267,1695006000
AE38,2023-09-19,23323.0,23500.0,22834.0,22900.0,994771,1695092400
AE38,2023-09-20,22850.0,23399.0,22380.0,22495.0,1311709,1695178800
AE38,2023-09-21,22700.0,22700.0,21710.0,21800.0,1673610,1695265200
AE38,2023-09-22,21800.0,22297.0,21650.5,21890.0,1436225,1695351600
AE38,2023-09-25,21830.0,22659.0,21380.0,22205.5,2705421,1695610800
AE38,2023-09-26,22689.0,22999.0,22205.5,22580.0,2065446,1695697200
AE38,2023-09-27,22605.0,22979.5,22300.0,22720.5,2228347,1695783600
AE38,2023-09-28,22900.0,23173.5,22000.0,22490.0,1202085,1695870000
AE38,2023-09-29,22810.0,22810.0,21601.0,22000.0,1614173,1695956400
AE38,2023-10-02,22476.0,22476.0,21495.0,21790.0,1615135,1696215600
AE38,2023-10-03,21999.0,21999.0,21540.0,21790.0,615566,1696302000
AE38,2023-10-04,21795.0,22400.0,21450.0,22400.0,1412507,1696388400
AE38,2023-10-05,22700.0,23000.0,22400.0,22500.0,5617458,1696474800
AE38,2023-10-06,22500.0,22874.5,22300.0,22700.0,8610360,1696561200
AE38,2023-10-09,22900.0,23499.0,22900.0,23210.0,13898456,1696820400
AE38,2023-10-10,23700.0,25300.0,23500.5,24629.0,16652422,1696906800
AE38,2023-10-11,25000.0,26800.0,24850.0,25735.0,5064598,1696993200
AE38,2023-10-12,26250.0,26439.5,25297.5,26380.0,3799349,1697079600
AE38,2023-10-17,26700.0,28199.5,26700.0,27500.0,5742191,1697511600
AE38,2023-10-18,28000.0,28160.0,27501.0,27800.0,29562640,1697598000
AE38,2023-10-19,28200.0,28623.0,27500.0,27900.0,9279637,1697684400
AE38,2023-10-20,28000.0,28999.0,27480.0,28200.0,17802824,1697770800
AE38,2023-10-23,26400.0,27075.0,22552.0,25898.0,802540,1698030000
AE38,2023-10-24,25000.0,28000.0,25000.0,25122.0,2424526,1698116400
AE38,2023-10-25,25479.0,26149.0,24000.5,25000.0,10959106,1698202800
AE38,2023-10-26,25300.0,25300.0,24100.0,24251.0,1645901,1698289200
AE38,2023-10-27,24500.0,25200.0,23380.0,23499.5,1892307,1698375600
AE38,2023-10-30,23650.0,23650.0,22962.5,23025.0,2436486,1698634800
AE38,2023-10-31,23051.0,23809.0,22420.0,22850.0,18287982,1698721200
AE38,2023-11-01,23000.0,23300.0,22800.0,22890.0,15120624,1698807600
AE38,2023-11-02,23700.0,24000.0,23000.5,23400.0,34493100,1698894000
AE38,2023-11-03,23700.0,24050.0,23350.0,23456.0,2842934,1698980400
AE38,2023-11-07,24200.0,24200.0,23350.5,23460.0,7425844,1699326000
AE38,2023-11-08,23700.0,23799.0,23450.0,23699.5,8750981,1699412400
AE38,2023-11-09,23699.5,24000.0,23610.0,23700.0,16779488,1699498800
AE38,2023-11-10,23720.0,24549.5,23700.0,24135.0,28426564,1699585200
AE38,2023-11-13,24500.0,24500.0,23770.0,23794.0,8266757,1699844400
AE38,2023-11-14,23799.0,24342.5,23640.0,23800.0,7868308,1699930800
AE38,2023-11-15,24284.0,24284.0,23750.0,23770.0,18687312,1700017200
AE38,2023-11-16,24400.0,24450.0,23780.0,23800.0,31992368,1700103600
AE38,2023-11-17,24000.0,25000.0,23031.0,24100.0,13610599,1700190000
AE38,2023-11-21,27500.0,29910.0,26000.0,29910.0,8689730,1700535600
AE38,2023-11-22,30000.0,34300.0,29900.0,32700.0,11524651,1700622000
AE38,2023-11-23,33000.0,36000.0,32250.0,35100.0,7682683,1700708400
AE38,2023-11-24,35200.0,36900.0,34200.0,34300.0,9093926,1700794800
AE38,2023-11-27,35000.0,35000.0,31510.0,32180.0,10359331,1701054000
AE38,2023-11-28,31800.0,33000.0,29500.0,29800.0,6784849,1701140400
AE38,2023-11-29,30600.0,30600.0,29023.5,29439.0,4664461,1701226800
AE38,2023-11-30,29500.0,30900.0,28053.5,30890.0,6802966,1701313200
AE38,2023-12-01,31382.0,33499.0,31000.0,33185.0,6419734,1701399600
AE38,2023-12-04,33185.0,33885.0,31955.0,32700.0,10530731,1701658800
AE38,2023-12-05,33000.0,34150.0,32700.0,33506.0,12522127,1701745200
AE38,2023-12-06,33700.0,34498.5,33700.0,34300.0,11219288,1701831600
AE38,2023-12-07,35000.0,37000.0,34000.0,36301.0,13920753,1701918000
AE38,2023-12-11,36400.0,38200.0,35600.5,36383.0,4225956,1702263600
AE38,2023-12-12,37000.0,38835.0,36500.0,38350.0,3295821,1702350000
AE38,2023-12-13,39420.0,42400.0,36000.0,39001.0,4085831,1702436400
AE38,2023-12-14,39100.0,40200.0,38200.0,39400.0,8722539,1702522800
AE38,2023-12-15,40300.0,40300.0,38500.0,38799.0,5055096,1702609200
AE38,2023-12-18,39000.0,39390.0,37400.0,38150.0,8108730,1702868400
AE38,2023-12-19,38990.0,38990.0,37300.0,37400.0,7153743,1702954800
AE38,2023-12-20,37400.0,37999.5,36001.0,37000.0,3641214,1703041200
AE38,2023-12-21,37201.0,38499.0,37001.5,37549.0,8111983,1703127600
AE38,2023-12-22,38400.0,38400.0,36570.0,36700.0,8097145,1703214000
AE38,2023-12-26,37300.0,37300.0,36155.0,36400.0,7965039,1703559600
AE38,2023-12-27,36599.0,36999.5,35700.0,35901.0,10396568,1703646000
AE38,2023-12-28,36040.0,36533.0,35901.0,36200.0,12014726,1703732400
AE38,2023-12-29,36351.0,41000.0,36300.0,38806.0,7327527,1703818800
AE38,2024-01-02,39000.0,39949.0,37500.0,38790.0,5449667,1704164400
AE38,2024-01-03,37700.0,42500.0,37700.0,40600.0,8910410,1704250800
AE38,2024-01-04,40635.0,42500.0,40505.0,41100.0,7726182,1704337200
AE38,2024-01-05,39790.0,41000.0,38200.0,40800.0,6803090,1704423600
AE38,2024-01-08,40800.0,41880.0,40000.0,41400.0,6767527,1704682800
AE38,2024-01-09,40890.0,41400.0,40010.0,40100.0,6146719,1704769200
AE38,2024-01-10,40100.0,41745.0,39300.0,41080.0,8791854,1704855600
AE38,2024-01-11,41000.0,42345.0,41000.0,41185.0,6832774,1704942000
AE38,2024-01-12,41185.0,41650.0,40345.0,40500.0,5188963,1705028400
AE38,2024-01-15,40250.0,41575.0,40110.0,41310.0,3505153,1705287600
AE38,2024-01-16,41305.0,42810.0,40600.0,42400.0,3689974,1705374000
AE38,2024-01-17,43000.0,44290.0,42450.0,44000.0,3282039,1705460400
AE38,2024-01-18,44100.0,45315.0,43735.0,44890.0,5823038,1705546800
AE38,2024-01-19,45990.0,45990.0,42900.0,45100.0,3462813,1705633200
AE38,2024-01-22,45300.0,46100.0,45120.0,46050.0,1207024,1705892400
AE38,2024-01-23,46050.0,47330.0,43600.0,45800.0,961550,1705978800
AE38,2024-01-24,45665.0,46790.0,45605.0,46650.0,2694948,1706065200
AE38,2024-01-25,46800.0,47445.0,46350.0,46410.0,3277390,1706151600
AE38,2024-01-26,46500.0,46895.0,44570.0,44750.0,2025803,1706238000
AE38,2024-01-29,45200.0,45400.0,42500.0,45200.0,2158229,1706497200
AE38,2024-01-30,45900.0,45900.0,44205.0,44400.0,1240009,1706583600
AE38,2024-01-31,44500.0,44985.0,43200.0,43715.0,1371234,1706670000
AE38,2024-02-01,44290.0,45990.0,43290.0,45880.0,1837145,1706756400
AE38,2024-02-02,45800.0,47100.0,44510.0,46425.0,1442613,1706842800
AE38,2024-02-05,46400.0,47690.0,46220.0,47270.0,1523273,1707102000
AE38,2024-02-06,48195.0,48195.0,45800.0,46580.0,6665354,1707188400
AE38,2024-02-07,45440.0,45995.0,42200.0,45190.0,2292397,1707274800
AE38,2024-02-08,44000.0,45995.0,43650.0,43990.0,1139431,1707361200
AE38,2024-02-09,43000.0,44290.0,42505.0,43100.0,1894636,1707447600
AE38,2024-02-14,43100.0,43500.0,41505.0,42400.0,2913093,1707879600
AE38,2024-02-15,43050.0,44285.0,42260.0,42775.0,4664246,1707966000
AE38,2024-02-16,43690.0,43690.0,40675.0,42040.0,5342468,1708052400
AE38,2024-02-19,42990.0,43970.0,41200.0,43880.0,8018029,1708311600
AE38,2024-02-20,44200.0,44890.0,43020.0,43600.0,2418362,1708398000
AE38,2024-02-21,43800.0,44585.0,42005.0,42800.0,3283587,1708484400
AE38,2024-02-22,43000.0,44000.0,42695.0,43100.0,4010284,1708570800
AE38,2024-02-23,44000.0,44500.0,41805.0,43960.0,2773217,1708657200
AE38,2024-02-26,43950.0,45500.0,42320.0,43045.0,2443336,1708916400
AE38,2024-02-27,43045.0,43200.0,39020.0,41350.0,1623419,1709002800
AE38,2024-02-28,42065.0,42300.0,39995.0,40830.0,3147832,1709089200
AE38,2024-02-29,41000.0,42000.0,40830.0,41605.0,3081223,1709175600
AE38,2024-03-01,41610.0,43995.0,41505.0,43450.0,5708052,1709262000
AE38,2024-03-04,44750.0,48990.0,43025.0,43580.0,3442700,1709521200
AE38,2024-03-05,44000.0,44000.0,42005.0,42550.0,3216863,1709607600
AE38,2024-03-06,42985.0,42985.0,41400.0,42000.0,1956381,1709694000
AE38,2024-03-07,41990.0,42405.0,41400.0,42000.0,1744268,1709780400
AE38,2024-03-08,43000.0,43035.0,41255.0,41455.0,2690592,1709866800
AE38,2024-03-11,41600.0,41865.0,40000.0,40650.0,2843542,1710126000
AE38,2024-03-12,41295.0,43490.0,41295.0,43300.0,9903910,1710212400
AE38,2024-03-13,43800.0,45490.0,42910.0,43000.0,2904416,1710298800
AE38,2024-03-14,43960.0,43960.0,41800.0,42300.0,1642090,1710385200
AE38,2024-03-15,42100.0,43500.0,41555.0,43500.0,3420062,1710471600
AE38,2024-03-18,44500.0,45500.0,43005.0,44365.0,5704568,1710730800
AE38,2024-03-19,45695.0,47300.0,45000.0,46810.0,10322253,1710817200
AE38,2024-03-20,47500.0,51500.0,47150.0,49800.0,6495752,1710903600
AE38,2024-03-21,50010.0,52680.0,49500.0,50600.0,4844321,1710990000
AE38,2024-03-22,51600.0,51990.0,49650.0,51150.0,3297591,1711076400
AE38,2024-03-25,51080.0,51100.0,50000.0,50510.0,8767607,1711335600
AE38,2024-03-26,50800.0,51100.0,50140.0,50270.0,6315948,1711422000
AE38,2024-03-27,51000.0,51000.0,49310.0,49900.0,3506853,1711508400
AE38,2024-04-03,50000.0,50000.0,48000.0,49015.0,2455946,1712113200
AE38,2024-04-04,49500.0,50290.0,49110.0,50040.0,6219240,1712199600
AE38,2024-04-05,50990.0,51480.0,49720.0,50800.0,2752956,1712286000
AE38,2024-04-08,51490.0,53450.0,50080.0,52900.0,6651458,1712545200
AE38,2024-04-09,53000.0,54490.0,52250.0,53200.0,9916562,1712631600
AE38,2024-04-10,54350.0,54350.0,51050.0,51450.0,8088362,1712718000
AE38,2024-04-11,51680.0,51990.0,50700.0,51550.0,4598683,1712804400
AE38,2024-04-12,52000.0,52480.0,50000.0,50940.0,2886111,1712890800
AE38,2024-04-15,50990.0,51900.0,49770.0,50160.0,3308203,1713150000
AE38,2024-04-16,50150.0,50590.0,49580.0,50320.0,2441442,1713236400
AE38,2024-04-17,50110.0,52500.0,50100.0,52190.0,5160770,1713322800
AE38,2024-04-18,52500.0,53500.0,52500.0,52840.0,5685625,1713409200
AE38,2024-04-19,53300.0,53670.0,52510.0,53350.0,2558883,1713495600
AE38,2024-04-22,53500.0,54860.0,53500.0,54710.0,7041698,1713754800
AE38,2024-04-23,54900.0,55390.0,53730.0,54190.0,4056381,1713841200
AE38,2024-04-24,54400.0,54400.0,52300.0,53400.0,8594950,1713927600
AE38,2024-04-25,52640.0,54860.0,52010.0,53590.0,2713870,1714014000
AE38,2024-04-26,53480.0,54590.0,53100.0,54160.0,2624993,1714100400
AE38,2024-04-29,54500.0,55100.0,54500.0,54880.0,1651577,1714359600
AE38,2024-04-30,56490.0,56490.0,54540.0,54790.0,3681010,1714446000
AE38,2024-05-02,55000.0,55990.0,54060.0,55790.0,2411648,1714618800
AE38,2024-05-03,56200.0,57110.0,55520.0,55940.0,4414034,1714705200
AE38,2024-05-06,56000.0,57000.0,53750.0,56100.0,5255693,1714964400
AE38,2024-05-07,56400.0,57000.0,55020.0,55800.0,3008105,1715050800
AE38,2024-05-08,55650.0,55650.0,53500.0,54100.0,3095854,1715137200
AE38,2024-05-09,53900.0,54280.0,52020.0,53200.0,5172940,1715223600
AE38,2024-05-10,53300.0,53440.0,52150.0,52600.0,3538759,1715310000
AE38,2024-05-13,52570.0,53890.0,52050.0,53450.0,3257288,1715569200
AE38,2024-05-14,54000.0,54890.0,53700.0,53820.0,3092579,1715655600
AE38,2024-05-15,54200.0,54890.0,54000.0,54890.0,2252902,1715742000
AE38,2024-05-16,54910.0,55980.0,54600.0,55000.0,1750210,1715828400
AE38,2024-05-17,55500.0,55610.0,54700.0,55250.0,1649501,1715914800
AE38,2024-05-20,55600.0,57430.0,54800.0,57200.0,3750896,1716174000
AE38,2024-05-21,57300.0,59680.0,57000.0,58700.0,3609087,1716260400
AE38,2024-05-22,58700.0,59870.0,57800.0,59100.0,4532455,1716346800
AE38,2024-05-23,59050.0,60990.0,57500.0,58300.0,4246418,1716433200
AE38,2024-05-24,58300.0,59180.0,55700.0,56400.0,4772565,1716519600
AE38,2024-05-27,56500.0,58190.0,56000.0,58000.0,5627422,1716778800
AE38,2024-05-28,59000.0,59000.0,55100.0,56100.0,19307610,1716865200
AE38,2024-05-29,56930.0,57980.0,55810.0,56660.0,23913220,1716951600
AE38,2024-05-30,57400.0,58290.0,57050.0,57990.0,14777367,1717038000
AE38,2024-05-31,58800.0,59000.0,57500.0,58790.0,9534894,1717124400
AE38,2024-06-03,59000.0,59980.0,58510.0,59380.0,3822641,1717383600
AE38,2024-06-04,59340.0,59500.0,57380.0,57790.0,9190701,1717470000
AE38,2024-06-05,58000.0,58150.0,57200.0,57430.0,9180586,1717556400
AE38,2024-06-06,58010.0,58620.0,55110.0,55400.0,6663323,1717642800
AE38,2024-06-07,55990.0,58190.0,55090.0,57350.0,3871759,1717729200
AE38,2024-06-10,57500.0,59220.0,57330.0,59040.0,3226273,1717988400
AE38,2024-06-11,59500.0,59900.0,57460.0,57970.0,7140069,1718074800
AE38,2024-06-12,57800.0,59000.0,57800.0,58000.0,8120800,1718161200
AE38,2024-06-13,60000.0,60890.0,57900.0,58490.0,9175699,1718247600
AE38,2024-06-14,58500.0,59740.0,58500.0,59630.0,6771952,1718334000
AE38,2024-06-18,59630.0,60700.0,59630.0,60100.0,4357462,1718679600
AE38,2024-06-19,60750.0,61140.0,60100.0,60890.0,5230435,1718766000
AE38,2024-06-24,61100.0,61190.0,59500.0,60100.0,5470718,1719198000
AE38,2024-06-25,60900.0,60900.0,59160.0,60390.0,6811508,1719284400
AE38,2024-06-26,60400.0,61740.0,60300.0,61510.0,7840616,1719370800
AE38,2024-06-27,61780.0,61800.0,60410.0,60850.0,12702047,1719457200
AE38,2024-06-28,61500.0,62350.0,60400.0,60800.0,8216186,1719543600
AE38,2024-07-01,61390.0,61900.0,60210.0,61800.0,14331865,1719802800
AE38,2024-07-02,62400.0,62600.0,61650.0,61950.0,11284331,1719889200
AE38,2024-07-03,62300.0,62300.0,60410.0,60800.0,10039243,1719975600
AE38,2024-07-04,61000.0,61630.0,60600.0,61400.0,6869557,1720062000
AE38,2024-07-05,61970.0,62000.0,61300.0,61860.0,5419043,1720148400
AE38,2024-07-08,60450.0,60450.0,58560.0,58870.0,9518671,1720407600
AE38,2024-07-10,59070.0,60730.0,58850.0,60250.0,8083261,1720580400
AE38,2024-07-11,60200.0,61740.0,60150.0,61250.0,7807654,1720666800
AE38,2024-07-12,61500.0,62150.0,61260.0,61300.0,5417329,1720753200
AE38,2024-07-15,61000.0,61300.0,55010.0,55350.0,4353180,1721012400
AE38,2024-07-16,55350.0,55350.0,49000.0,53800.0,11165649,1721098800
AE38,2024-07-17,54000.0,54930.0,53010.0,54710.0,5801570,1721185200
AE38,2024-07-18,56000.0,56000.0,54200.0,55460.0,3003449,1721271600
AE38,2024-07-19,56200.0,56200.0,54810.0,55000.0,3875010,1721358000
AE38,2024-07-22,55500.0,57430.0,55020.0,56450.0,4046938,1721617200
AE38,2024-07-23,56600.0,57950.0,56600.0,57000.0,5701935,1721703600
AE38,2024-07-24,57200.0,57500.0,56010.0,56200.0,6422556,1721790000
AE38,2024-07-25,56200.0,56660.0,55300.0,55410.0,3798331,1721876400
AE38,2024-07-26,55410.0,56680.0,55050.0,56140.0,6653310,1721962800
AE38,2024-07-29,57500.0,57500.0,54510.0,55120.0,3950720,1722222000
AE38,2024-07-30,55880.0,55880.0,53030.0,53500.0,2003936,1722308400
AE38,2024-07-31,53800.0,56000.0,53000.0,55850.0,4823671,1722394800
AE38,2024-08-01,56500.0,56950.0,55360.0,55730.0,6471122,1722481200
AE38,2024-08-02,55970.0,55980.0,54640.0,55680.0,3424467,1722567600
AE38,2024-08-05,54000.0,55500.0,52500.0,55500.0,2329520,1722826800
AE38,2024-08-06,56000.0,56790.0,54660.0,55960.0,3489562,1722913200
AE38,2024-08-07,55960.0,56500.0,55900.0,56350.0,3188176,1722999600
AE38,2024-08-08,56950.0,56950.0,56030.0,56610.0,2615436,1723086000
AE38,2024-08-09,56700.0,56970.0,56050.0,56510.0,6343933,1723172400
AE38,2024-08-12,57440.0,58000.0,55820.0,56200.0,7525891,1723431600
AE38,2024-08-13,56000.0,56700.0,55500.0,55940.0,1442115,1723518000
AE38,2024-08-14,56840.0,56840.0,55710.0,56640.0,3834801,1723604400
AE38,2024-08-15,56750.0,58400.0,56150.0,57600.0,5805893,1723690800
AE38,2024-08-16,57780.0,59430.0,57500.0,58200.0,4295814,1723777200
AE38,2024-08-19,59470.0,59470.0,58020.0,58900.0,4049698,1724036400
AE38,2024-08-20,59430.0,59800.0,58510.0,58800.0,3608231,1724122800
AE38,2024-08-21,58800.0,58800.0,57550.0,57690.0,3112946,1724209200
AE38,2024-08-22,57690.0,57700.0,56220.0,56800.0,3154015,1724295600
AE38,2024-08-23,56800.0,58490.0,56800.0,58100.0,3904523,1724382000
AE38,2024-08-26,58100.0,58920.0,57750.0,58310.0,5679520,1724641200
AE38,2024-08-27,58890.0,58890.0,58020.0,58800.0,3949891,1724727600
AE38,2024-08-28,59090.0,59890.0,58410.0,59450.0,3259830,1724814000
AE38,2024-08-29,60000.0,60900.0,59600.0,60510.0,4005901,1724900400
AE38,2024-08-30,60350.0,62000.0,60350.0,61900.0,5319168,1724986800
AE38,2024-09-02,62000.0,63450.0,61500.0,62980.0,2733301,1725246000
AE38,2024-09-03,63200.0,63200.0,60610.0,61090.0,7813910,1725332400
AE38,2024-09-04,61480.0,61480.0,60610.0,60800.0,4604148,1725418800
AE38,2024-09-05,60310.0,61660.0,60080.0,60400.0,3870693,1725505200
AE38,2024-09-06,60500.0,60920.0,58990.0,59150.0,3921332,1725591600
AE38,2024-09-09,59200.0,60510.0,58000.0,59600.0,7680362,1725850800
AE38,2024-09-10,59600.0,60890.0,59180.0,59700.0,6365049,1725937200
AE38,2024-09-11,60200.0,60200.0,59350.0,59510.0,7870373,1726023600
AE38,2024-09-12,59300.0,61380.0,59110.0,61150.0,7289351,1726110000
AE38,2024-09-13,61200.0,61700.0,60600.0,61200.0,9755117,1726196400
AE38,2024-09-16,61800.0,62500.0,61120.0,62300.0,8124115,1726455600
AE38,2024-09-17,62990.0,62990.0,61910.0,62150.0,7914609,1726542000
AE38,2024-09-18,62150.0,62890.0,61920.0,62650.0,6586412,1726628400
AE38,2024-09-19,63340.0,63650.0,62690.0,63150.0,5715135,1726714800
AE38,2024-09-20,63960.0,63960.0,62010.0,63390.0,4922760,1726801200
AE38,2024-09-23,63800.0,64100.0,62030.0,63750.0,4111188,1727060400
AE38,2024-09-24,63850.0,63890.0,63420.0,63650.0,3580187,1727146800
AE38,2024-09-25,63000.0,64000.0,63000.0,63360.0,9038802,1727233200
AE38,2024-09-26,63990.0,63990.0,62890.0,63100.0,6963195,1727319600
AE38,2024-09-27,63250.0,63740.0,62520.0,63150.0,3112740,1727406000
AE38,2024-09-30,63490.0,64050.0,62820.0,64050.0,3778072,1727665200
AE38,2024-10-01,64570.0,64970.0,64100.0,64600.0,4192851,1727751600
AE38,2024-10-02,64700.0,64950.0,63000.0,64200.0,3133226,1727838000
AE38,2024-10-03,64200.0,64650.0,63550.0,64350.0,3317684,1727924400
AE38,2024-10-04,64890.0,65580.0,63900.0,65300.0,5837504,1728010800
AE38,2024-10-07,65300.0,66900.0,65300.0,66260.0,10044143,1728270000
AE38,2024-10-08,67570.0,67580.0,66310.0,66390.0,6029065,1728356400
AE38,2024-10-09,66400.0,67900.0,66200.0,66390.0,9178994,1728442800
AE38,2024-10-10,66500.0,67150.0,65100.0,66000.0,11560723,1728529200
AE38,2024-10-14,67000.0,67290.0,65670.0,66540.0,22273222,1728874800
AE38,2024-10-15,67000.0,67400.0,66250.0,67150.0,16726810,1728961200
AE38,2024-10-16,67860.0,68630.0,67150.0,68130.0,11961424,1729047600
AE38,2024-10-17,68500.0,68600.0,67500.0,67500.0,7511306,1729134000
AE38,2024-10-18,67000.0,68490.0,67000.0,68120.0,7286254,1729220400
AE38,2024-10-21,68200.0,68710.0,67000.0,67950.0,6495160,1729479600
AE38,2024-10-22,68000.0,68100.0,66540.0,67580.0,8358474,1729566000
AE38,2024-10-23,67580.0,68040.0,67010.0,67990.0,4873250,1729652400
AE38,2024-10-24,69400.0,69400.0,68200.0,68690.0,29305932,1729738800
AE38,2024-10-25,69200.0,70500.0,69010.0,70250.0,11689243,1729825200
AE38,2024-10-28,71810.0,71810.0,68510.0,71190.0,13892254,1730084400
AE38,2024-10-29,71190.0,72400.0,69390.0,70100.0,9450374,1730170800
AE38,2024-10-30,70290.0,70770.0,69000.0,69650.0,9878771,1730257200
AE38,2024-10-31,69550.0,69550.0,68250.0,68870.0,4216911,1730343600
AE38,2024-11-01,68920.0,71400.0,68920.0,71200.0,7130881,1730430000
AE38,2024-11-04,72100.0,72100.0,70900.0,71400.0,5889270,1730689200
AE38,2024-11-05,72000.0,73190.0,71000.0,73000.0,7430192,1730775600
AE38,2024-11-06,74860.0,74860.0,72910.0,73290.0,4179984,1730862000
AE38,2024-11-07,73500.0,74790.0,73020.0,73270.0,7099730,1730948400
AE38,2024-11-08,72360.0,74000.0,72360.0,73590.0,5667029,1731034800
AE38,2024-11-11,74000.0,74850.0,72770.0,74800.0,5414721,1731294000
AE38,2024-11-12,74900.0,75400.0,74330.0,75100.0,5342626,1731380400
AE38,2024-11-13,75400.0,76240.0,74730.0,75800.0,8905208,1731466800
AE38,2024-11-14,76200.0,77000.0,75640.0,76700.0,8049311,1731553200
AE38,2024-11-15,77000.0,77740.0,75550.0,76700.0,8145820,1731639600
AE38,2024-11-19,78000.0,78000.0,75060.0,75700.0,6416139,1731985200
AE38,2024-11-20,76700.0,76700.0,75130.0,75860.0,11053346,1732071600
AE38,2024-11-21,75860.0,76850.0,75000.0,75870.0,6629077,1732158000
AE38,2024-11-22,76000.0,76660.0,75110.0,75710.0,4661498,1732244400
AE38,2024-11-25,76000.0,76880.0,75020.0,75790.0,6664421,1732503600
AE38,2024-11-26,75800.0,75800.0,74500.0,75080.0,10771898,1732590000
AE38,2024-11-27,75000.0,75270.0,74650.0,74950.0,3953443,1732676400
AE38,2024-11-28,74500.0,75180.0,74500.0,74900.0,1950660,1732762800
AE38,2024-11-29,75520.0,75520.0,74510.0,75100.0,4143432,1732849200
AE38,2024-12-02,75100.0,75500.0,74400.0,74500.0,9618010,1733108400
AE38,2024-12-03,74800.0,74800.0,73910.0,74370.0,5777842,1733194800
AE38,2024-12-04,74830.0,74830.0,73750.0,74000.0,20618738,1733281200
AE38,2024-12-05,74150.0,74150.0,71520.0,72300.0,6634884,1733367600
AE38,2024-12-06,72290.0,72990.0,71170.0,72290.0,8685729,1733454000
AE38,2024-12-09,72630.0,72880.0,71700.0,72660.0,7802580,1733713200
AE38,2024-12-10,72660.0,73640.0,72520.0,73170.0,7443913,1733799600
AE38,2024-12-11,73500.0,73990.0,73160.0,73750.0,6378381,1733886000
AE38,2024-12-12,73750.0,74740.0,73500.0,74400.0,8729225,1733972400
AE38,2024-12-13,75000.0,76200.0,74400.0,76200.0,6394078,1734058800
AE38,2024-12-16,77000.0,80000.0,76100.0,79110.0,12911110,1734318000
AE38,2024-12-17,80000.0,81930.0,79500.0,81300.0,9593130,1734404400
AE38,2024-12-18,80800.0,83980.0,80800.0,82000.0,15841046,1734490800
AE38,2024-12-19,82200.0,82960.0,81100.0,81160.0,9748159,1734577200
AE38,2024-12-20,81500.0,81900.0,80310.0,81560.0,15616723,1734663600
AE38,2024-12-23,81700.0,83000.0,81700.0,82600.0,8884735,1734922800
AE38,2024-12-24,83100.0,83240.0,82150.0,83080.0,2032226,1735009200
AE38,2024-12-26,83080.0,85220.0,83080.0,84790.0,9500699,1735182000
AE38,2024-12-27,85000.0,86350.0,84120.0,85670.0,5903337,1735268400
AE38,2024-12-30,85800.0,86980.0,85130.0,86640.0,5702990,1735527600
AE38,2025-01-02,86310.0,87510.0,85600.0,85800.0,4606195,1735786800
AE38,2025-01-03,85760.0,87590.0,85760.0,87370.0,10939147,1735873200
AE38,2025-01-06,87370.0,88230.0,86510.0,88150.0,10680783,1736132400
AE38,2025-01-07,88750.0,88900.0,87510.0,88000.0,7516736,1736218800
AE38,2025-01-08,85900.0,85900.0,83170.0,85440.0,4358466,1736305200
AE38,2025-01-09,85430.0,86380.0,85010.0,85520.0,14368345,1736391600
AE38,2025-01-10,85500.0,86140.0,84880.0,85300.0,11629892,1736478000
AE38,2025-01-13,85350.0,85350.0,83900.0,84350.0,12582869,1736737200
AE38,2025-01-14,84350.0,84800.0,83810.0,84140.0,8613778,1736823600
AE38,2025-01-15,84640.0,84640.0,83530.0,84170.0,7429937,1736910000
AE38,2025-01-16,83880.0,84160.0,82010.0,83050.0,9290097,1736996400
AE38,2025-01-17,82550.0,83140.0,81800.0,82260.0,8351622,1737082800
AE38,2025-01-20,81550.0,82760.0,81310.0,82400.0,6415211,1737342000
AE38,2025-01-21,82690.0,83050.0,82010.0,82390.0,19622744,1737428400
AE38,2025-01-22,82590.0,82730.0,81710.0,81990.0,30114288,1737514800
AE38,2025-01-23,82290.0,82290.0,81210.0,81690.0,27768254,1737601200
AE38,2025-01-24,81900.0,82320.0,78210.0,81380.0,9699403,1737687600
